node	axis	query_terms	weight
si439	morphology	agency; means of action; agent expression	1.00
si439	syntax	agency; means of action; agent expression	0.80
si440	morphology	direct	1.00
si440	syntax	direct	0.80
si441	morphology	instrumental	0.70
si441	syntax	instrumental	0.56
si442	morphology	intermediate	1.00
si442	syntax	intermediate	0.80
si443	morphology	personal	1.00
si443	syntax	personal	0.80
si444	morphology	ultimate	1.00
si444	syntax	ultimate	0.80
si445	morphology	aspect; verbal aspect; aktionsart (related)	0.50
si446	morphology	aorist	1.00
si446	discourse	aorist	0.70
si447	clause	commands	1.00
si447	syntax	commands	0.80
si447	morphology	commands	0.35
si448	morphology	external	0.35
si449	morphology	future	1.00
si449	clause	future	1.00
si449	syntax	future	0.80
si450	morphology	imperfect	1.00
si451	morphology	internal	0.35
si452	morphology	perfect	1.00
si453	morphology	perfective; stative	1.00
si453	syntax	perfective; stative	0.80
si454	morphology	pluperfect	1.00
si455	morphology	portrayal; reality	0.35
si456	morphology	present	1.00
si456	syntax	present	0.80
si457	morphology	progressive	1.00
si457	clause	progressive	1.00
si457	syntax	progressive	0.80
si458	morphology	resultative	0.35
si459	morphology	simple; occurrence	1.00
si459	syntax	simple; occurrence	0.80
si460	morphology	cases; case system; five-case system; eight-case system	0.50
si460	syntax	cases; case system; five-case system; eight-case system	0.40
si461	morphology	five; case; system	1.00
si461	syntax	five; case; system	0.80
si462	morphology	eight; case; system	1.00
si462	syntax	eight; case; system	0.80
si463	morphology	oblique	1.00
si463	syntax	oblique	0.80
si464	morphology	moods; mood system	0.50
si464	syntax	moods; mood system	0.40
si464	clause	moods; mood system	0.30
si465	morphology	questions; interrogatives; question types	1.00
si465	syntax	questions; interrogatives; question types	0.80
si465	clause	questions; interrogatives; question types	0.60
si466	clause	conditional	1.00
si466	discourse	conditional	0.80
si466	morphology	conditional	0.70
si466	syntax	conditional	0.56
si467	morphology	deliberative	1.00
si467	syntax	deliberative	0.80
si467	clause	deliberative	0.60
si468	morphology	direct	1.00
si468	syntax	direct	0.80
si468	clause	direct	0.42
si469	morphology	future; tense	1.00
si469	clause	future; tense	1.00
si469	syntax	future; tense	0.80
si470	morphology	indirect	1.00
si470	syntax	indirect	0.80
si470	discourse	indirect	0.70
si470	clause	indirect	0.60
si471	morphology	indicative	1.00
si471	syntax	indicative	0.80
si471	clause	indicative	0.60
si472	morphology	interrogative	1.00
si472	syntax	interrogative	0.80
si472	clause	interrogative	0.42
si473	morphology	rhetorical	0.70
si473	syntax	rhetorical	0.56
si473	clause	rhetorical	0.42
si474	morphology	subjunctive	1.00
si474	syntax	subjunctive	0.80
si474	clause	subjunctive	0.70
si475	morphology	recitative; ὅτι; redundancy	1.00
si475	syntax	recitative; ὅτι; redundancy	0.80
si475	discourse	recitative; ὅτι; redundancy	0.70
si475	clause	recitative; ὅτι; redundancy	0.42
si476	morphology	subject; grammatical subject (general)	1.00
si476	syntax	subject; grammatical subject (general)	0.80
si476	clause	subject; grammatical subject (general)	0.60
si477	morphology	compound	1.00
si477	syntax	compound	0.70
si477	clause	compound	0.42
si478	morphology	focus	0.70
si478	syntax	focus	0.56
si478	clause	focus	0.42
si479	morphology	impersonal	1.00
si479	syntax	impersonal	0.80
si479	clause	impersonal	0.42
si480	morphology	personal	1.00
si480	syntax	personal	0.80
si480	clause	personal	0.42
si481	morphology	tense; tense system; time of action	0.50
si482	morphology	also; individual; tenses; affected	0.35
si483	morphology	moods	0.35
si484	morphology	nontemporal; view	0.35
si485	morphology	time	1.00
si485	syntax	time	0.80
si485	clause	time	0.60
si486	morphology	passim; unaffected	0.35
si487	morphology	tsks; granville; sharp; construction	1.00
si487	syntax	tsks; granville; sharp; construction	0.80
si488	morphology	voice; voice system	0.50
si488	syntax	voice; voice system	0.40
si489	discourse	adverb; adverbial modifier	0.50
si489	morphology	adverb; adverbial modifier	0.30
si490	morphology	article	1.00
si490	syntax	article	0.80
si490	discourse	article	0.35
si491	morphology	genitive	1.00
si491	syntax	genitive	0.80
si491	discourse	genitive	0.35
si492	clause	comparative	1.00
si492	discourse	comparative	0.80
si492	morphology	comparative	0.21
si493	morphology	relative	1.00
si493	syntax	relative	0.80
si493	clause	relative	0.70
si493	discourse	relative	0.35
si494	morphology	temporal	1.00
si494	clause	temporal	1.00
si494	discourse	temporal	0.80
si494	syntax	temporal	0.80
si495	morphology	discourse; direct/indirect discourse; reported speech	1.00
si495	syntax	discourse; direct/indirect discourse; reported speech	0.80
si495	discourse	discourse; direct/indirect discourse; reported speech	0.70
si495	clause	discourse; direct/indirect discourse; reported speech	0.60
si496	morphology	direct	1.00
si496	syntax	direct	0.80
si496	discourse	direct	0.49
si496	clause	direct	0.42
si497	morphology	indirect	1.00
si497	syntax	indirect	0.80
si497	discourse	indirect	0.70
si497	clause	indirect	0.60
si498	morphology	gender; grammatical gender	1.00
si498	syntax	gender; grammatical gender	0.80
si499	morphology	pronouns	1.00
si499	syntax	pronouns	0.80
si500	discourse	grammar; grammatical theory	0.50
si500	morphology	grammar; grammatical theory	0.30
si501	morphology	descriptive	1.00
si501	syntax	descriptive	0.80
si501	discourse	descriptive	0.35
si502	discourse	prescriptive	0.35
si502	morphology	prescriptive	0.21
si503	discourse	transformational	0.35
si503	morphology	transformational	0.21
si504	morphology	neuter; gender	1.00
si504	syntax	neuter; gender	0.80
si505	morphology	accusative	1.00
si505	syntax	accusative	0.80
si506	morphology	nominative	1.00
si506	syntax	nominative	0.80
si507	morphology	singular	1.00
si507	syntax	singular	0.70
si508	morphology	plural	1.00
si508	syntax	plural	0.80
si509	morphology	noun; substantive	1.00
si509	syntax	noun; substantive	0.80
si510	morphology	abstract	1.00
si510	syntax	abstract	0.80
si511	morphology	adjectival	1.00
si511	clause	adjectival	1.00
si511	syntax	adjectival	0.80
si512	morphology	anarthrous	1.00
si512	syntax	anarthrous	0.80
si513	morphology	articular	0.70
si513	syntax	articular	0.56
si514	morphology	concrete	0.70
si514	syntax	concrete	0.56
si515	morphology	definite	1.00
si515	syntax	definite	0.80
si516	morphology	generic	1.00
si516	syntax	generic	0.80
si517	morphology	impersonal	1.00
si517	syntax	impersonal	0.80
si518	morphology	indeclinable	1.00
si518	syntax	indeclinable	0.80
si519	morphology	indefinite	1.00
si519	syntax	indefinite	0.80
si520	morphology	monadic	1.00
si520	syntax	monadic	0.80
si521	morphology	nominal	0.70
si521	syntax	nominal	0.56
si522	morphology	par; excellence	1.00
si522	syntax	par; excellence	0.80
si523	morphology	personal	1.00
si523	syntax	personal	0.80
si524	morphology	proper	1.00
si524	syntax	proper	0.80
si524	clause	proper	0.60
si525	morphology	qualitative	1.00
si525	syntax	qualitative	0.80
si526	morphology	verbal	1.00
si526	syntax	verbal	0.80
si526	clause	verbal	0.60
si527	discourse	sentence; sentence structure	0.50
si527	morphology	sentence; sentence structure	0.30
si528	discourse	complex	0.35
si528	morphology	complex	0.21
si529	morphology	compound	1.00
si529	syntax	compound	0.70
si529	discourse	compound	0.35
si530	morphology	passive; transform	1.00
si530	syntax	passive; transform	0.80
si530	discourse	passive; transform	0.35
si531	discourse	structure	0.35
si531	morphology	structure	0.21
si532	discourse	types	0.35
si532	morphology	types	0.21
si533	discourse	style	0.35
si533	morphology	style	0.21
si534	morphology	verb; verb forms (general)	1.00
si534	syntax	verb; verb forms (general)	0.70
si535	morphology	augment	0.70
si535	syntax	augment	0.49
si536	morphology	communication	0.70
si536	syntax	communication	0.49
si537	morphology	copula; verb; equative; desiring	1.00
si537	syntax	copula; verb; equative; desiring	0.70
si538	morphology	equative	0.70
si538	syntax	equative	0.49
si539	morphology	exhorting	0.70
si539	syntax	exhorting	0.49
si540	morphology	fearing	1.00
si540	syntax	fearing	0.80
si540	clause	fearing	0.60
si541	morphology	filling	0.70
si541	syntax	filling	0.49
si542	morphology	impersonal	1.00
si542	syntax	impersonal	0.80
si543	morphology	intransitive	0.70
si543	syntax	intransitive	0.49
si544	morphology	perception	0.70
si544	syntax	perception	0.49
si545	morphology	plural	1.00
si545	syntax	plural	0.80
si546	morphology	singular	1.00
si546	syntax	singular	0.70
si547	morphology	speaking	0.70
si547	syntax	speaking	0.49
si548	morphology	stative	1.00
si548	syntax	stative	0.80
si549	morphology	transitive	0.70
si549	syntax	transitive	0.49
si550	discourse	apocalypse; grammar	0.50
si550	morphology	apocalypse; grammar	0.30
si551	morphology	apollonius; canon	0.50
si551	syntax	apollonius; canon	0.40
si551	discourse	apollonius; canon	0.35
si552	discourse	aktionsart	0.50
si552	morphology	aktionsart	0.30
si553	discourse	anacoluthon	0.35
si553	morphology	anacoluthon	0.21
si554	discourse	anaphora	0.50
si554	morphology	anaphora	0.30
si555	morphology	antecedent	1.00
si555	syntax	antecedent	0.80
si555	clause	antecedent	0.60
si556	morphology	apposition	1.00
si556	syntax	apposition	0.80
si556	clause	apposition	0.60
si557	discourse	asyndeton	0.50
si557	morphology	asyndeton	0.30
si558	morphology	cause; causality	1.00
si558	clause	cause; causality	1.00
si558	syntax	cause; causality	0.80
si559	morphology	constructio; sensum	1.00
si559	syntax	constructio; sensum	0.80
si560	discourse	contrast	0.50
si560	morphology	contrast	0.30
si561	discourse	convertible; proposition	0.50
si561	morphology	convertible; proposition	0.30
si562	morphology	direct; object	1.00
si562	syntax	direct; object	0.80
si562	clause	direct; object	0.60
si563	morphology	discourse; analysis	1.00
si563	syntax	discourse; analysis	0.80
si563	discourse	discourse; analysis	0.70
si563	clause	discourse; analysis	0.60
si564	discourse	imperfective	0.50
si564	morphology	imperfective	0.30
si565	discourse	papyri	0.50
si565	morphology	papyri	0.30
si566	discourse	paragraph	0.50
si566	morphology	paragraph	0.30
si567	discourse	parataxis	0.50
si567	morphology	parataxis	0.30
si568	discourse	poetry	0.50
si568	morphology	poetry	0.30
si569	discourse	position	0.50
si569	morphology	position	0.30
si570	morphology	predicate	1.00
si570	syntax	predicate	0.80
si570	clause	predicate	0.60
si570	discourse	predicate	0.35
si571	morphology	possession	1.00
si571	syntax	possession	0.80
si572	morphology	postcedent	1.00
si572	syntax	postcedent	0.80
si573	morphology	purpose	1.00
si573	clause	purpose	1.00
si573	syntax	purpose	0.80
si573	discourse	purpose	0.80
si574	discourse	speech; act; theory	0.50
si574	morphology	speech; act; theory	0.30
si575	discourse	subset; proposition	0.50
si575	morphology	subset; proposition	0.30
si576	morphology	verbless; constructions	1.00
si576	syntax	verbless; constructions	0.80
cs255	morphology	indicative; ὅτι; hoti clause; content clause; ὅτι clause; causal hoti; epexegetical hoti	1.00
cs255	clause	indicative; ὅτι; hoti clause; content clause; ὅτι clause; causal hoti; epexegetical hoti	1.00
cs255	syntax	indicative; ὅτι; hoti clause; content clause; ὅτι clause; causal hoti; epexegetical hoti	0.80
cs270	morphology	ἵνα; subjunctive; hina clause; purpose clause; result clause; telic clause; final clause; ἵνα clause	1.00
cs270	clause	ἵνα; subjunctive; hina clause; purpose clause; result clause; telic clause; final clause; ἵνα clause	1.00
cs270	syntax	ἵνα; subjunctive; hina clause; purpose clause; result clause; telic clause; final clause; ἵνα clause	0.80
cs1	morphology	subject; grammatical subject	1.00
cs1	syntax	subject; grammatical subject	0.80
cs10	morphology	nominative; appellation	1.00
cs10	syntax	nominative; appellation	0.80
cs100	morphology	personal; pronoun	1.00
cs100	syntax	personal; pronoun	0.80
cs101	morphology	alternative; pronoun	1.00
cs101	syntax	alternative; pronoun	0.80
cs102	morphology	relative; pronoun	1.00
cs102	syntax	relative; pronoun	0.80
cs103	morphology	possessive; pronoun	1.00
cs103	syntax	possessive; pronoun	0.80
cs104	morphology	substantives	1.00
cs104	syntax	substantives	0.80
cs105	morphology	individualizing; article; simple; identification	1.00
cs105	syntax	individualizing; article; simple; identification	0.80
cs106	morphology	anaphoric	1.00
cs106	syntax	anaphoric	0.80
cs107	morphology	kataphoric	1.00
cs107	syntax	kataphoric	0.80
cs108	morphology	deictic	1.00
cs108	syntax	deictic	0.80
cs109	morphology	par; excellence	1.00
cs109	syntax	par; excellence	0.80
cs11	morphology	nominative; apposition; oblique; cases	1.00
cs11	syntax	nominative; apposition; oblique; cases	0.80
cs110	morphology	monadic	1.00
cs110	syntax	monadic	0.80
cs111	morphology	well; known	1.00
cs111	syntax	well; known	0.80
cs112	morphology	abstract	1.00
cs112	syntax	abstract	0.80
cs113	morphology	generic	1.00
cs113	syntax	generic	0.80
cs114	morphology	substantiver	1.00
cs114	syntax	substantiver	0.80
cs115	morphology	adverbs	1.00
cs115	syntax	adverbs	0.80
cs116	morphology	adjectives; adjective	1.00
cs116	syntax	adjectives; adjective	0.80
cs117	morphology	participles	1.00
cs117	syntax	participles	0.80
cs118	morphology	infinitives	1.00
cs118	syntax	infinitives	0.80
cs119	morphology	genitive; word; phrase	1.00
cs119	syntax	genitive; word; phrase	0.80
cs12	morphology	nominative; after; preposition	1.00
cs12	syntax	nominative; after; preposition	0.80
cs120	morphology	prepositional; phrase	1.00
cs120	syntax	prepositional; phrase	0.80
cs121	morphology	particles	1.00
cs121	syntax	particles	0.80
cs122	morphology	finite; verbs	1.00
cs122	syntax	finite; verbs	0.80
cs123	morphology	clauses; statements; quotations	1.00
cs123	syntax	clauses; statements; quotations	0.80
cs123	clause	clauses; statements; quotations	0.70
cs124	morphology	function; marker	1.00
cs124	syntax	function; marker	0.80
cs125	morphology	denote; adjectival; positions	1.00
cs125	syntax	denote; adjectival; positions	0.80
cs126	morphology	possessive; pronouns	1.00
cs126	syntax	possessive; pronouns	0.80
cs127	morphology	genitive; phrases	1.00
cs127	syntax	genitive; phrases	0.80
cs128	morphology	indeclinable; nouns	1.00
cs128	syntax	indeclinable; nouns	0.80
cs129	morphology	participles	1.00
cs129	syntax	participles	0.80
cs13	morphology	nominative; time	1.00
cs13	syntax	nominative; time	0.80
cs130	morphology	demonstratives	1.00
cs130	syntax	demonstratives	0.80
cs131	morphology	nominative; nouns	1.00
cs131	syntax	nominative; nouns	0.80
cs132	morphology	distinguish; subject; predicate; nominative; object; complement	1.00
cs132	syntax	distinguish; subject; predicate; nominative; object; complement	0.80
cs133	morphology	infinitive	1.00
cs133	syntax	infinitive	0.80
cs134	morphology	absence; article	1.00
cs134	syntax	absence; article	0.80
cs135	morphology	indefinite	1.00
cs135	syntax	indefinite	0.80
cs136	morphology	qualitative	1.00
cs136	syntax	qualitative	0.80
cs137	morphology	definite	1.00
cs137	syntax	definite	0.80
cs138	morphology	article	1.00
cs138	syntax	article	0.80
cs139	morphology	proper; names	1.00
cs139	syntax	proper; names	0.80
cs140	morphology	object; preposition	1.00
cs140	syntax	object; preposition	0.80
cs141	morphology	ordinal; numbers	1.00
cs141	syntax	ordinal; numbers	0.80
cs142	morphology	predicate; nominative; predicate noun; subject complement	1.00
cs142	syntax	predicate; nominative; predicate noun; subject complement	0.80
cs143	morphology	complement; object; construction	1.00
cs143	syntax	complement; object; construction	0.80
cs144	morphology	monadic; nouns	1.00
cs144	syntax	monadic; nouns	0.80
cs145	morphology	abstract; nouns	1.00
cs145	syntax	abstract; nouns	0.80
cs146	morphology	genitive; construction; apollonius corollary; apollonius canon	1.00
cs146	syntax	genitive; construction; apollonius corollary; apollonius canon	0.80
cs147	morphology	pronominal; adjective	1.00
cs147	syntax	pronominal; adjective	0.80
cs148	morphology	generic; nouns	1.00
cs148	syntax	generic; nouns	0.80
cs149	morphology	anarthrous; pre; verbal; predicate; nominatives; colwell's rule; colwell rule; predicate nominative without article	1.00
cs149	syntax	anarthrous; pre; verbal; predicate; nominatives; colwell's rule; colwell rule; predicate nominative without article	0.80
cs15	morphology	simple; address	1.00
cs15	syntax	simple; address	0.80
cs150	morphology	article; multiple; substantives; connected; kai; sharp's rule; granville sharp rule; tsks construction	1.00
cs150	syntax	article; multiple; substantives; connected; kai; sharp's rule; granville sharp rule; tsks construction	0.80
cs152	morphology	adjectival; adjective	1.00
cs152	syntax	adjectival; adjective	0.80
cs153	morphology	adverbial	1.00
cs153	syntax	adverbial	0.80
cs154	morphology	substantival	1.00
cs154	syntax	substantival	0.80
cs155	morphology	degrees; adjective	1.00
cs155	syntax	degrees; adjective	0.80
cs156	morphology	positive; normal	1.00
cs156	syntax	positive; normal	0.80
cs157	morphology	positive; comparative	1.00
cs157	syntax	positive; comparative	0.80
cs158	morphology	positive; superlative	1.00
cs158	syntax	positive; superlative	0.80
cs159	morphology	comparative; normal	1.00
cs159	syntax	comparative; normal	0.80
cs16	morphology	emphatic; address	1.00
cs16	syntax	emphatic; address	0.80
cs160	morphology	comparative; superlative	1.00
cs160	syntax	comparative; superlative	0.80
cs161	morphology	comparative; elative	1.00
cs161	syntax	comparative; elative	0.80
cs162	morphology	superlative; normal	1.00
cs162	syntax	superlative; normal	0.80
cs163	morphology	superlative; elative	1.00
cs163	syntax	superlative; elative	0.80
cs164	morphology	superlative; comparative	1.00
cs164	syntax	superlative; comparative	0.80
cs165	morphology	relation; adjective; noun; when; article; present	1.00
cs165	syntax	relation; adjective; noun; when; article; present	0.80
cs166	morphology	attributive; positions; first	1.00
cs166	syntax	attributive; positions; first	0.80
cs167	morphology	attributive; positions; second	1.00
cs167	syntax	attributive; positions; second	0.80
cs168	morphology	attributive; positions; third	1.00
cs168	syntax	attributive; positions; third	0.80
cs169	morphology	predicate; positions; first	1.00
cs169	syntax	predicate; positions; first	0.80
cs17	morphology	exclamation	1.00
cs17	syntax	exclamation	0.80
cs170	morphology	predicate; positions; second	1.00
cs170	syntax	predicate; positions; second	0.80
cs171	morphology	when; article; absent	1.00
cs171	syntax	when; article; absent	0.80
cs172	morphology	anarthrous; adjective; noun; construction	1.00
cs172	syntax	anarthrous; adjective; noun; construction	0.80
cs173	morphology	anarthrous; noun; adjective; construction	1.00
cs173	syntax	anarthrous; noun; adjective; construction	0.80
cs175	morphology	personal; pronouns	1.00
cs175	syntax	personal; pronouns	0.80
cs176	morphology	nominative; emphasis	1.00
cs176	syntax	nominative; emphasis	0.80
cs177	morphology	nominative; redundancy	1.00
cs177	syntax	nominative; redundancy	0.80
cs177	discourse	nominative; redundancy	0.70
cs178	morphology	oblique; cases; normal	1.00
cs178	syntax	oblique; cases; normal	0.80
cs179	morphology	oblique; cases; possessive	1.00
cs179	syntax	oblique; cases; possessive	0.80
cs18	morphology	apposition; appositive	1.00
cs18	syntax	apposition; appositive	0.80
cs180	morphology	oblique; cases; reflexive	1.00
cs180	syntax	oblique; cases; reflexive	0.80
cs181	morphology	demonstrative; pronouns	1.00
cs181	syntax	demonstrative; pronouns	0.80
cs182	morphology	regular; οὗτος; ἐκεῖνος; ὅδε	1.00
cs182	syntax	regular; οὗτος; ἐκεῖνος; ὅδε	0.80
cs183	morphology	regular; personal; pronouns	1.00
cs183	syntax	regular; personal; pronouns	0.80
cs184	morphology	unusual; pleonastic	1.00
cs184	syntax	unusual; pleonastic	0.80
cs185	morphology	unusual; constructio; sensum	1.00
cs185	syntax	unusual; constructio; sensum	0.80
cs186	morphology	unusual; conceptual; antecedent; postcedent	1.00
cs186	syntax	unusual; conceptual; antecedent; postcedent	0.80
cs187	morphology	relative; pronouns	1.00
cs187	syntax	relative; pronouns	0.80
cs188	morphology	regular	1.00
cs188	syntax	regular	0.80
cs189	morphology	unusual; natural; grammatical; gender	1.00
cs189	syntax	unusual; natural; grammatical; gender	0.80
cs190	morphology	unusual; case	1.00
cs190	syntax	unusual; case	0.80
cs191	morphology	unusual; attraction	1.00
cs191	syntax	unusual; attraction	0.80
cs192	morphology	unusual; inverse; attraction	1.00
cs192	syntax	unusual; inverse; attraction	0.80
cs193	morphology	unusual; antecedent; complexities	1.00
cs193	syntax	unusual; antecedent; complexities	0.80
cs194	morphology	unusual; omission; antecedent	1.00
cs194	syntax	unusual; omission; antecedent	0.80
cs195	morphology	unusual; adverbial; conjunctive	1.00
cs195	syntax	unusual; adverbial; conjunctive	0.80
cs196	morphology	ὅστις; generic	1.00
cs196	syntax	ὅστις; generic	0.80
cs197	morphology	ὅστις; qualitative	1.00
cs197	syntax	ὅστις; qualitative	0.80
cs198	morphology	interrogative; pronouns	1.00
cs198	syntax	interrogative; pronouns	0.80
cs199	morphology		1.00
cs199	syntax		0.80
cs2	morphology	predicate; nominative; predicate noun; subject complement	1.00
cs2	syntax	predicate; nominative; predicate noun; subject complement	0.80
cs20	morphology	descriptive; genitive	1.00
cs20	syntax	descriptive; genitive	0.80
cs200	morphology	ποῖος; σος	1.00
cs200	syntax	ποῖος; σος	0.80
cs201	morphology	indefinite; pronoun	1.00
cs201	syntax	indefinite; pronoun	0.80
cs202	morphology	substantival	1.00
cs202	syntax	substantival	0.80
cs203	morphology	adjectival	1.00
cs203	syntax	adjectival	0.80
cs204	morphology	possessive; pronoun	1.00
cs204	syntax	possessive; pronoun	0.80
cs205	morphology	first; plural; constructions	1.00
cs205	syntax	first; plural; constructions	0.80
cs206	morphology	editorial	1.00
cs206	syntax	editorial	0.80
cs206	discourse	editorial	0.70
cs207	morphology	inclusive	1.00
cs207	syntax	inclusive	0.80
cs208	morphology	exclusive	1.00
cs208	syntax	exclusive	0.80
cs209	morphology	possessive; adjective	1.00
cs209	syntax	possessive; adjective	0.80
cs21	morphology	possessive; genitive	1.00
cs21	syntax	possessive; genitive	0.80
cs210	morphology	personal; pronoun; genitive	1.00
cs210	syntax	personal; pronoun; genitive	0.80
cs211	morphology	intensive; pronoun	1.00
cs211	syntax	intensive; pronoun	0.80
cs212	morphology	identifying; adjective	1.00
cs212	syntax	identifying; adjective	0.80
cs213	morphology	third; person; personal; pronoun	1.00
cs213	syntax	third; person; personal; pronoun	0.80
cs214	morphology	reflexive; pronoun	1.00
cs214	syntax	reflexive; pronoun	0.80
cs215	morphology	reciprocal; pronoun	1.00
cs215	syntax	reciprocal; pronoun	0.80
cs217	morphology	neuter; plural; subject; singular; verb	1.00
cs217	syntax	neuter; plural; subject; singular; verb	0.70
cs218	morphology	collective; singular; subject; plural; verb	1.00
cs218	syntax	collective; singular; subject; plural; verb	0.70
cs219	morphology	compound; subject; singular; verb	1.00
cs219	syntax	compound; subject; singular; verb	0.70
cs22	morphology	genitive; relationship	1.00
cs22	syntax	genitive; relationship	0.80
cs220	morphology	indefinite; plural	1.00
cs221	morphology	categorical; plural	1.00
cs224	morphology	first; third; person	1.00
cs225	morphology	second; third; person	1.00
cs227	morphology	simple; active	1.00
cs227	syntax	simple; active	0.80
cs228	morphology	causative; active	1.00
cs228	syntax	causative; active	0.80
cs229	morphology	stative; active	1.00
cs229	syntax	stative; active	0.80
cs23	morphology	partitive; genitive	1.00
cs23	syntax	partitive; genitive	0.80
cs230	morphology	reflexive; active	1.00
cs230	syntax	reflexive; active	0.80
cs232	morphology	direct; middle	1.00
cs232	syntax	direct; middle	0.80
cs233	morphology	redundant; middle	1.00
cs233	syntax	redundant; middle	0.80
cs233	discourse	redundant; middle	0.70
cs234	morphology	indirect; middle	1.00
cs234	syntax	indirect; middle	0.80
cs235	morphology	causative; middle	1.00
cs235	syntax	causative; middle	0.80
cs236	morphology	permissive; middle	1.00
cs236	syntax	permissive; middle	0.80
cs237	morphology	reciprocal; middle	1.00
cs237	syntax	reciprocal; middle	0.80
cs238	morphology	deponent; middle	1.00
cs238	syntax	deponent; middle	0.80
cs24	morphology	attributive; genitive	1.00
cs24	syntax	attributive; genitive	0.80
cs240	morphology	passive; constructions; agency construction; expressed agent; passive agent	1.00
cs240	syntax	passive; constructions; agency construction; expressed agent; passive agent	0.80
cs241	morphology	without; agency; expressed; ultimate; agent	1.00
cs241	syntax	without; agency; expressed; ultimate; agent	0.80
cs242	morphology	without; agency; expressed; intermediate; agent	1.00
cs242	syntax	without; agency; expressed; intermediate; agent	0.80
cs243	morphology	without; agency; expressed; impersonal; means	1.00
cs243	syntax	without; agency; expressed; impersonal; means	0.80
cs244	morphology	without; agency; expressed	1.00
cs244	syntax	without; agency; expressed	0.80
cs245	morphology	accusative; object	1.00
cs245	syntax	accusative; object	0.80
cs246	morphology	simple; passive	1.00
cs246	syntax	simple; passive	0.80
cs247	morphology	causative; permissive; passive	1.00
cs247	syntax	causative; permissive; passive	0.80
cs248	morphology	deponent; passive	1.00
cs248	syntax	deponent; passive	0.80
cs25	morphology	attributed; genitive	1.00
cs25	syntax	attributed; genitive	0.80
cs250	morphology	declarative; indicative	1.00
cs250	syntax	declarative; indicative	0.80
cs251	morphology	interrogative; indicative	1.00
cs251	syntax	interrogative; indicative	0.80
cs252	morphology	conditional; indicative	1.00
cs252	syntax	conditional; indicative	0.80
cs252	clause	conditional; indicative	0.70
cs253	morphology	potential; indicative	1.00
cs253	syntax	potential; indicative	0.80
cs254	morphology	cohortative; indicative	1.00
cs254	syntax	cohortative; indicative	0.80
cs256	morphology	subject; grammatical subject	1.00
cs256	syntax	subject; grammatical subject	0.80
cs257	morphology	direct; object; object of the verb	1.00
cs257	syntax	direct; object; object of the verb	0.80
cs258	morphology	direct; object; proper	1.00
cs258	syntax	direct; object; proper	0.80
cs259	morphology	direct; discourse	1.00
cs259	syntax	direct; discourse	0.80
cs259	discourse	direct; discourse	0.70
cs26	morphology	genitive; material	1.00
cs26	syntax	genitive; material	0.80
cs260	morphology	indirect; discourse	1.00
cs260	syntax	indirect; discourse	0.80
cs260	discourse	indirect; discourse	0.70
cs261	morphology	apposition; appositive	1.00
cs261	syntax	apposition; appositive	0.80
cs262	morphology	epexegetical	1.00
cs262	syntax	epexegetical	0.80
cs263	morphology	causal	1.00
cs263	syntax	causal	0.80
cs265	morphology	deliberative; subjunctive	1.00
cs265	syntax	deliberative; subjunctive	0.80
cs265	clause	deliberative; subjunctive	0.60
cs266	morphology	hortatory; subjunctive	1.00
cs266	syntax	hortatory; subjunctive	0.80
cs266	clause	hortatory; subjunctive	0.60
cs267	morphology	emphatic; negation; subjunctive	1.00
cs267	syntax	emphatic; negation; subjunctive	0.80
cs267	clause	emphatic; negation; subjunctive	0.60
cs268	morphology	prohibitive; subjunctive	1.00
cs268	syntax	prohibitive; subjunctive	0.80
cs268	clause	prohibitive; subjunctive	0.60
cs269	morphology	subjunctive; conditional; sentences	1.00
cs269	syntax	subjunctive; conditional; sentences	0.80
cs269	clause	subjunctive; conditional; sentences	0.70
cs27	morphology	genitive; content	1.00
cs27	syntax	genitive; content	0.80
cs271	morphology	purpose	1.00
cs271	syntax	purpose	0.80
cs271	clause	purpose	0.70
cs272	morphology	result	1.00
cs272	syntax	result	0.80
cs272	clause	result	0.70
cs273	morphology	purpose; result	1.00
cs273	syntax	purpose; result	0.80
cs273	clause	purpose; result	0.70
cs274	morphology	subject; grammatical subject	1.00
cs274	syntax	subject; grammatical subject	0.80
cs274	clause	subject; grammatical subject	0.60
cs275	morphology	predicate; nominative; predicate noun; subject complement	1.00
cs275	syntax	predicate; nominative; predicate noun; subject complement	0.80
cs275	clause	predicate; nominative; predicate noun; subject complement	0.60
cs276	morphology	direct; object; object of the verb	1.00
cs276	syntax	direct; object; object of the verb	0.80
cs276	clause	direct; object; object of the verb	0.60
cs277	morphology	apposition; appositive	1.00
cs277	syntax	apposition; appositive	0.80
cs277	clause	apposition; appositive	0.60
cs278	morphology	epexegetical	1.00
cs278	syntax	epexegetical	0.80
cs278	clause	epexegetical	0.60
cs279	morphology	complementary	1.00
cs279	syntax	complementary	0.80
cs279	clause	complementary	0.60
cs28	morphology	genitive; simple; apposition	1.00
cs28	syntax	genitive; simple; apposition	0.80
cs280	morphology	imperatival	1.00
cs280	syntax	imperatival	0.80
cs280	clause	imperatival	0.60
cs281	morphology	subjunctive; verbs; fearing	1.00
cs281	syntax	subjunctive; verbs; fearing	0.80
cs281	clause	subjunctive; verbs; fearing	0.60
cs282	morphology	subjunctive; indirect; questions	1.00
cs282	syntax	subjunctive; indirect; questions	0.80
cs282	clause	subjunctive; indirect; questions	0.60
cs283	morphology	subjunctive; indefinite; relative; clause	1.00
cs283	syntax	subjunctive; indefinite; relative; clause	0.80
cs283	clause	subjunctive; indefinite; relative; clause	0.70
cs284	morphology	subjunctive; indefinite; temporal; clause	1.00
cs284	syntax	subjunctive; indefinite; temporal; clause	0.80
cs284	clause	subjunctive; indefinite; temporal; clause	0.70
cs286	morphology	voluntative; optative	1.00
cs286	syntax	voluntative; optative	0.80
cs287	morphology	oblique; optative	1.00
cs287	syntax	oblique; optative	0.80
cs288	morphology	potential; optative	1.00
cs288	syntax	potential; optative	0.80
cs289	morphology	conditional; optative	1.00
cs289	syntax	conditional; optative	0.80
cs289	clause	conditional; optative	0.70
cs29	morphology	genitive; apposition	1.00
cs29	syntax	genitive; apposition	0.80
cs291	morphology	command	1.00
cs291	syntax	command	0.80
cs291	clause	command	0.60
cs292	morphology	prohibition	1.00
cs292	syntax	prohibition	0.80
cs292	clause	prohibition	0.60
cs293	morphology	request	1.00
cs293	syntax	request	0.80
cs293	clause	request	0.60
cs294	morphology	permissive; imperative	1.00
cs294	syntax	permissive; imperative	0.80
cs294	clause	permissive; imperative	0.60
cs295	morphology	conditional; imperative	1.00
cs295	syntax	conditional; imperative	0.80
cs295	clause	conditional; imperative	0.70
cs296	morphology	potential; imperative	1.00
cs296	syntax	potential; imperative	0.80
cs296	clause	potential; imperative	0.60
cs297	morphology	pronouncement; imperative	1.00
cs297	syntax	pronouncement; imperative	0.80
cs297	clause	pronouncement; imperative	0.60
cs298	morphology	stereotyped; greeting	1.00
cs298	syntax	stereotyped; greeting	0.80
cs298	clause	stereotyped; greeting	0.60
cs3	morphology	nominative; simple; apposition	1.00
cs3	syntax	nominative; simple; apposition	0.80
cs30	morphology	genitive; destination	1.00
cs30	syntax	genitive; destination	0.80
cs300	morphology	instantaneous; present	1.00
cs301	morphology	progressive; present	1.00
cs302	morphology	extending; past; present	1.00
cs303	morphology	futuristic; present	1.00
cs304	morphology	completely; futuristic	1.00
cs305	morphology	mostly; futuristic	1.00
cs306	morphology	present; retained; indirect; discourse	1.00
cs306	discourse	present; retained; indirect; discourse	0.70
cs307	morphology	iterative; present	1.00
cs308	morphology	customary; present	1.00
cs309	morphology	gnomic; present	1.00
cs31	morphology	predicate; genitive	1.00
cs31	syntax	predicate; genitive	0.80
cs310	morphology	historical; present	1.00
cs311	morphology	perfective; present	1.00
cs312	morphology	conative; present	1.00
cs313	morphology	progress; but; not; complete	1.00
cs314	morphology	not; begun; but; about; desired; attempted	1.00
cs316	morphology	instantaneous; imperfect	1.00
cs317	morphology	progressive; imperfect	1.00
cs318	morphology	ingressive; imperfect	1.00
cs319	morphology	iterative; imperfect	1.00
cs32	morphology	genitive; subordination	1.00
cs32	syntax	genitive; subordination	0.80
cs320	morphology	customary; imperfect	1.00
cs321	morphology	pluperfective; imperfect	1.00
cs322	morphology	conative; imperfect	1.00
cs323	morphology	progress; but; not; complete	1.00
cs324	morphology	not; begun; but; about; desired; attempted	1.00
cs325	morphology	imperfect; retained; indirect; discourse	1.00
cs325	discourse	imperfect; retained; indirect; discourse	0.70
cs327	morphology	constative; aorist	1.00
cs328	morphology	ingressive; aorist	1.00
cs329	morphology	consummative; aorist	1.00
cs33	morphology	genitive; production; producer	1.00
cs33	syntax	genitive; production; producer	0.80
cs330	morphology	gnomic; aorist	1.00
cs331	morphology	epistolary; aorist	1.00
cs331	discourse	epistolary; aorist	0.70
cs332	morphology	proleptic; aorist	1.00
cs333	morphology	immediate; past; dramatic; aorist	1.00
cs335	morphology	predictive; future	1.00
cs336	morphology	imperatival; future	1.00
cs337	morphology	deliberative; future	1.00
cs338	morphology	gnomic; future	1.00
cs339	morphology	miscellaneous; subjunctive; equivalents	1.00
cs34	morphology	genitive; product	1.00
cs34	syntax	genitive; product	0.80
cs341	morphology	intensive; perfect	1.00
cs342	morphology	extensive; perfect	1.00
cs343	morphology	aoristic; perfect	1.00
cs344	morphology	perfect; present; force	1.00
cs345	morphology	gnomic; perfect	1.00
cs346	morphology	proleptic; perfect	1.00
cs347	morphology	perfect; allegory	1.00
cs349	morphology	intensive; pluperfect	1.00
cs35	morphology	genitive; separation	1.00
cs35	syntax	genitive; separation	0.80
cs350	morphology	extensive; pluperfect	1.00
cs351	morphology	simple; past; pluperfect	1.00
cs353	morphology	adverbial	1.00
cs353	syntax	adverbial	0.80
cs353	clause	adverbial	0.60
cs354	morphology	purpose	1.00
cs354	syntax	purpose	0.80
cs354	clause	purpose	0.70
cs355	morphology	result	1.00
cs355	syntax	result	0.80
cs355	clause	result	0.70
cs356	morphology	time; antecedent	1.00
cs356	syntax	time; antecedent	0.80
cs356	clause	time; antecedent	0.60
cs357	morphology	time; contemporaneous	1.00
cs357	syntax	time; contemporaneous	0.80
cs357	clause	time; contemporaneous	0.60
cs358	morphology	time; subsequent	1.00
cs358	syntax	time; subsequent	0.80
cs358	clause	time; subsequent	0.60
cs359	morphology	cause	1.00
cs359	syntax	cause	0.80
cs359	clause	cause	0.60
cs36	morphology	genitive; source	1.00
cs36	syntax	genitive; source	0.80
cs360	morphology	means	1.00
cs360	syntax	means	0.80
cs360	clause	means	0.60
cs361	morphology	complementary	1.00
cs361	syntax	complementary	0.80
cs361	clause	complementary	0.60
cs362	morphology	substantival	1.00
cs362	syntax	substantival	0.80
cs362	clause	substantival	0.60
cs363	morphology	subject; grammatical subject	1.00
cs363	syntax	subject; grammatical subject	0.80
cs363	clause	subject; grammatical subject	0.60
cs364	morphology	direct; object; object of the verb	1.00
cs364	syntax	direct; object; object of the verb	0.80
cs364	clause	direct; object; object of the verb	0.60
cs365	morphology	indirect; discourse	1.00
cs365	syntax	indirect; discourse	0.80
cs365	discourse	indirect; discourse	0.70
cs365	clause	indirect; discourse	0.60
cs366	morphology	appositional	1.00
cs366	syntax	appositional	0.80
cs366	clause	appositional	0.60
cs367	morphology	epexegetical	1.00
cs367	syntax	epexegetical	0.80
cs367	clause	epexegetical	0.60
cs368	morphology	independent	1.00
cs368	syntax	independent	0.80
cs368	clause	independent	0.60
cs369	morphology	imperatival	1.00
cs369	syntax	imperatival	0.80
cs369	clause	imperatival	0.60
cs37	morphology	genitive; comparison	1.00
cs37	syntax	genitive; comparison	0.80
cs370	morphology	absolute	1.00
cs370	syntax	absolute	0.80
cs370	clause	absolute	0.60
cs372	morphology	adjectival; participles	1.00
cs372	syntax	adjectival; participles	0.80
cs372	clause	adjectival; participles	0.60
cs373	morphology	adjectival; proper	1.00
cs373	syntax	adjectival; proper	0.80
cs373	clause	adjectival; proper	0.60
cs374	morphology	attributive	1.00
cs374	syntax	attributive	0.80
cs374	clause	attributive	0.60
cs375	morphology	predicate	1.00
cs375	syntax	predicate	0.80
cs375	clause	predicate	0.60
cs376	morphology	substantival	1.00
cs376	syntax	substantival	0.80
cs376	clause	substantival	0.60
cs377	morphology	verbal; participles; dependent	1.00
cs377	syntax	verbal; participles; dependent	0.80
cs377	clause	verbal; participles; dependent	0.60
cs378	morphology	temporal	1.00
cs378	syntax	temporal	0.80
cs378	clause	temporal	0.70
cs379	morphology	manner	1.00
cs379	syntax	manner	0.80
cs379	clause	manner	0.60
cs38	morphology	subjective; genitive	1.00
cs38	syntax	subjective; genitive	0.80
cs380	morphology	means	1.00
cs380	syntax	means	0.80
cs380	clause	means	0.60
cs381	morphology	cause	1.00
cs381	syntax	cause	0.80
cs381	clause	cause	0.60
cs382	morphology	condition	1.00
cs382	syntax	condition	0.80
cs382	clause	condition	0.60
cs383	morphology	concession	1.00
cs383	syntax	concession	0.80
cs383	clause	concession	0.60
cs384	morphology	purpose	1.00
cs384	syntax	purpose	0.80
cs384	clause	purpose	0.70
cs385	morphology	result	1.00
cs385	syntax	result	0.80
cs385	clause	result	0.70
cs386	morphology	attendant; circumstance	1.00
cs386	syntax	attendant; circumstance	0.80
cs386	clause	attendant; circumstance	0.60
cs387	morphology	indirect; discourse	1.00
cs387	syntax	indirect; discourse	0.80
cs387	discourse	indirect; discourse	0.70
cs387	clause	indirect; discourse	0.60
cs388	morphology	complementary	1.00
cs388	syntax	complementary	0.80
cs388	clause	complementary	0.60
cs389	morphology	periphrastic	1.00
cs389	syntax	periphrastic	0.80
cs389	clause	periphrastic	0.60
cs39	morphology	objective; genitive	1.00
cs39	syntax	objective; genitive	0.80
cs390	morphology	redundant	1.00
cs390	syntax	redundant	0.80
cs390	discourse	redundant	0.70
cs390	clause	redundant	0.60
cs391	morphology	verbal; participles; independent	1.00
cs391	syntax	verbal; participles; independent	0.80
cs391	clause	verbal; participles; independent	0.60
cs392	morphology	imperatival	1.00
cs392	syntax	imperatival	0.80
cs392	clause	imperatival	0.60
cs393	morphology	indicative	1.00
cs393	syntax	indicative	0.80
cs393	clause	indicative	0.60
cs394	morphology	participle; absolute	1.00
cs394	syntax	participle; absolute	0.80
cs394	clause	participle; absolute	0.60
cs396	clause	nominative; absolute	1.00
cs396	syntax	nominative; absolute	0.70
cs397	clause	genitive; absolute; genitive absolute participle; absolute participial clause	1.00
cs397	syntax	genitive; absolute; genitive absolute participle; absolute participial clause	0.70
cs398	clause	clauses	1.00
cs399	clause	independent; clauses	1.00
cs4	morphology	nominative; absolute	1.00
cs4	syntax	nominative; absolute	0.80
cs40	morphology	plenary; genitive	1.00
cs40	syntax	plenary; genitive	0.80
cs400	clause	dependent; clauses	1.00
cs401	clause	substantival	1.00
cs402	clause	adjectival	1.00
cs403	clause	adverbial	1.00
cs405	clause	logical	1.00
cs405	discourse	logical	0.80
cs406	clause	ascensive	1.00
cs406	discourse	ascensive	0.80
cs407	clause	connective	1.00
cs407	discourse	connective	0.80
cs408	clause	contrastive	1.00
cs408	discourse	contrastive	0.80
cs409	clause	correlative	1.00
cs409	discourse	correlative	0.80
cs41	morphology	genitive; price; value; quantity	1.00
cs41	syntax	genitive; price; value; quantity	0.80
cs410	clause	disjunctive	1.00
cs410	discourse	disjunctive	0.80
cs411	clause	emphatic	1.00
cs411	discourse	emphatic	0.80
cs412	clause	explanatory	1.00
cs412	discourse	explanatory	0.80
cs413	clause	inferential	1.00
cs413	discourse	inferential	0.80
cs414	clause	transitional	1.00
cs414	discourse	transitional	0.80
cs415	clause	adverbial	1.00
cs415	discourse	adverbial	0.80
cs416	clause	causal	1.00
cs416	discourse	causal	0.80
cs416	syntax	causal	0.70
cs417	clause	comparative	1.00
cs417	discourse	comparative	0.80
cs418	clause	conditional	1.00
cs418	discourse	conditional	0.80
cs419	clause	local	1.00
cs419	discourse	local	0.80
cs42	morphology	genitive; time	1.00
cs42	syntax	genitive; time	0.80
cs420	clause	purpose	1.00
cs420	discourse	purpose	0.80
cs421	clause	result	1.00
cs421	discourse	result	0.80
cs422	clause	temporal	1.00
cs422	discourse	temporal	0.80
cs423	clause	substantival	1.00
cs423	discourse	substantival	0.80
cs424	clause	content	1.00
cs424	discourse	content	0.80
cs425	clause	epexegetical	1.00
cs425	discourse	epexegetical	0.80
cs425	syntax	epexegetical	0.70
cs427	clause		1.00
cs428	clause	cause; effect	1.00
cs429	clause	evidence; inference	1.00
cs43	morphology	genitive; place	1.00
cs43	syntax	genitive; place	0.80
cs430	clause	equivalence	1.00
cs431	clause	greek	1.00
cs432	clause	first; class	1.00
cs433	clause	second; class	1.00
cs434	clause	third; class	1.00
cs435	clause	fourth; class	1.00
cs437	clause	commands	1.00
cs437	syntax	commands	0.80
cs438	clause	future; indicative	1.00
cs438	syntax	future; indicative	0.80
cs439	clause	aorist; imperative	1.00
cs439	syntax	aorist; imperative	0.80
cs44	morphology	genitive; means	1.00
cs44	syntax	genitive; means	0.80
cs440	clause	aorist; imperative; ingressive	1.00
cs440	syntax	aorist; imperative; ingressive	0.80
cs441	clause	aorist; imperative; momentary; single; act; pure; ingressive	1.00
cs441	syntax	aorist; imperative; momentary; single; act; pure; ingressive	0.80
cs442	clause	aorist; imperative; constative	1.00
cs442	syntax	aorist; imperative; constative	0.80
cs443	clause	present; imperative	1.00
cs443	syntax	present; imperative	0.80
cs444	clause	present; imperative; ingressive; progressive	1.00
cs444	syntax	present; imperative; ingressive; progressive	0.80
cs445	clause	present; imperative; customary	1.00
cs445	syntax	present; imperative; customary	0.80
cs446	clause	present; imperative; iterative	1.00
cs446	syntax	present; imperative; iterative	0.80
cs447	clause	prohibitions	1.00
cs447	syntax	prohibitions	0.80
cs448	clause	future; indicative	1.00
cs448	syntax	future; indicative	0.80
cs449	clause	aorist; subjunctive	1.00
cs449	syntax	aorist; subjunctive	0.80
cs45	morphology	genitive; agency; agentive genitive; genitive of agent	1.00
cs45	syntax	genitive; agency; agentive genitive; genitive of agent	0.80
cs450	clause	aorist; subjunctive; ingressive	1.00
cs450	syntax	aorist; subjunctive; ingressive	0.80
cs451	clause	aorist; subjunctive; constative	1.00
cs451	syntax	aorist; subjunctive; constative	0.80
cs452	clause	present; imperative	1.00
cs452	syntax	present; imperative	0.80
cs453	clause	present; imperative; cessation; activity; progress	1.00
cs453	syntax	present; imperative; cessation; activity; progress	0.80
cs454	clause	present; imperative; precept	1.00
cs454	syntax	present; imperative; precept	0.80
cs46	morphology	genitive; absolute; genitive absolute participle; absolute participial clause	1.00
cs46	syntax	genitive; absolute; genitive absolute participle; absolute participial clause	0.80
cs47	morphology	genitive; reference	1.00
cs47	syntax	genitive; reference	0.80
cs48	morphology	genitive; association	1.00
cs48	syntax	genitive; association	0.80
cs49	morphology	genitive; after; certain; verbs	1.00
cs49	syntax	genitive; after; certain; verbs	0.80
cs5	morphology	nominativus; pendens	1.00
cs5	syntax	nominativus; pendens	0.80
cs50	morphology	genitive; after; certain; adjectives	1.00
cs50	syntax	genitive; after; certain; adjectives	0.80
cs51	morphology	genitive; after; certain; nouns	1.00
cs51	syntax	genitive; after; certain; nouns	0.80
cs52	morphology	genitive; after; certain; prepositions	1.00
cs52	syntax	genitive; after; certain; prepositions	0.80
cs54	morphology	dative; indirect; object	1.00
cs54	syntax	dative; indirect; object	0.80
cs55	morphology	dative; interest	1.00
cs55	syntax	dative; interest	0.80
cs56	morphology	advantage	1.00
cs56	syntax	advantage	0.80
cs57	morphology	disadvantage	1.00
cs57	syntax	disadvantage	0.80
cs58	morphology	dative; reference; respect	1.00
cs58	syntax	dative; reference; respect	0.80
cs59	morphology	ethical; dative	1.00
cs59	syntax	ethical; dative	0.80
cs6	morphology	parenthetic; nominative	1.00
cs6	syntax	parenthetic; nominative	0.80
cs60	morphology	dative; destination	1.00
cs60	syntax	dative; destination	0.80
cs61	morphology	dative; recipient	1.00
cs61	syntax	dative; recipient	0.80
cs62	morphology	dative; possession	1.00
cs62	syntax	dative; possession	0.80
cs63	morphology	dative; thing; possessed	1.00
cs63	syntax	dative; thing; possessed	0.80
cs64	morphology	predicate; dative	1.00
cs64	syntax	predicate; dative	0.80
cs65	morphology	dative; simple; apposition	1.00
cs65	syntax	dative; simple; apposition	0.80
cs66	morphology	dative; sphere	1.00
cs66	syntax	dative; sphere	0.80
cs67	morphology	dative; time	1.00
cs67	syntax	dative; time	0.80
cs68	morphology	dative; rule	1.00
cs68	syntax	dative; rule	0.80
cs69	morphology	dative; association; accompaniment	1.00
cs69	syntax	dative; association; accompaniment	0.80
cs7	morphology	nominative; proverbial; expressions	1.00
cs7	syntax	nominative; proverbial; expressions	0.80
cs70	morphology	dative; manner	1.00
cs70	syntax	dative; manner	0.80
cs71	morphology	dative; means; instrument	1.00
cs71	syntax	dative; means; instrument	0.80
cs72	morphology	dative; agency; agentive dative; dative of agent	1.00
cs72	syntax	dative; agency; agentive dative; dative of agent	0.80
cs73	morphology	dative; measure; degree; difference	1.00
cs73	syntax	dative; measure; degree; difference	0.80
cs74	morphology	dative; cause	1.00
cs74	syntax	dative; cause	0.80
cs75	morphology	cognate; dative	1.00
cs75	syntax	cognate; dative	0.80
cs76	morphology	dative; material	1.00
cs76	syntax	dative; material	0.80
cs77	morphology	dative; content	1.00
cs77	syntax	dative; content	0.80
cs78	morphology	dative; direct; object	1.00
cs78	syntax	dative; direct; object	0.80
cs79	morphology	dative; after; certain; nouns	1.00
cs79	syntax	dative; after; certain; nouns	0.80
cs8	morphology	nominative; vocative	1.00
cs8	syntax	nominative; vocative	0.80
cs80	morphology	dative; after; certain; adjectives	1.00
cs80	syntax	dative; after; certain; adjectives	0.80
cs81	morphology	dative; after; certain; prepositions	1.00
cs81	syntax	dative; after; certain; prepositions	0.80
cs83	morphology	accusative; direct; object	1.00
cs83	syntax	accusative; direct; object	0.80
cs84	morphology	double; accusative	1.00
cs84	syntax	double; accusative	0.80
cs85	morphology	person; thing	1.00
cs85	syntax	person; thing	0.80
cs86	morphology	object; complement	1.00
cs86	syntax	object; complement	0.80
cs87	morphology	cognate; accusative	1.00
cs87	syntax	cognate; accusative	0.80
cs88	morphology	predicate; accusative	1.00
cs88	syntax	predicate; accusative	0.80
cs89	morphology	accusative; subject; infinitive	1.00
cs89	syntax	accusative; subject; infinitive	0.80
cs9	morphology	nominative; exclamation	1.00
cs9	syntax	nominative; exclamation	0.80
cs90	morphology	accusative; retained; object	1.00
cs90	syntax	accusative; retained; object	0.80
cs91	morphology	pendent; accusative	1.00
cs91	syntax	pendent; accusative	0.80
cs92	morphology	accusative; simple; apposition	1.00
cs92	syntax	accusative; simple; apposition	0.80
cs93	morphology	adverbial; accusative	1.00
cs93	syntax	adverbial; accusative	0.80
cs94	morphology	accusative; measure	1.00
cs94	syntax	accusative; measure	0.80
cs95	morphology	accusative; respect; reference	1.00
cs95	syntax	accusative; respect; reference	0.80
cs96	morphology	accusative; oaths	1.00
cs96	syntax	accusative; oaths	0.80
cs97	morphology	accusative; after; certain; prepositions	1.00
cs97	syntax	accusative; after; certain; prepositions	0.80
cs99	morphology	pronoun	1.00
cs99	syntax	pronoun	0.80
si10	morphology	par; excellence	1.00
si10	syntax	par; excellence	0.80
si100	clause	indirect	1.00
si100	syntax	indirect	0.80
si101	clause	perfect	1.00
si101	syntax	perfect	0.80
si102	clause	traditional; view	1.00
si102	syntax	traditional; view	0.80
si104	clause	apodosis	1.00
si105	clause	first; class	1.00
si106	clause	fifth; class	1.00
si107	clause	implicit	1.00
si108	clause	protasis	1.00
si109	clause	questions; interrogatives; question types	1.00
si11	morphology	participle	1.00
si11	syntax	participle	0.80
si110	clause	simple	1.00
si111	clause	structural; categories	1.00
si112	clause	systems; classification	1.00
si112	morphology	systems; classification	0.60
si113	clause	third; class	1.00
si114	clause	unreal; conditions; second; class	1.00
si116	clause	adjunctive	1.00
si116	discourse	adjunctive	0.80
si117	clause	hypotactic	1.00
si117	discourse	hypotactic	0.80
si118	clause	paratactic	1.00
si118	discourse	paratactic	0.80
si12	morphology	reference; accusative; case; respect	1.00
si12	syntax	reference; accusative; case; respect	0.80
si120	morphology	abstract	1.00
si120	syntax	abstract	0.80
si121	morphology	adverbial	1.00
si121	syntax	adverbial	0.80
si122	morphology	comitative	1.00
si122	syntax	comitative	0.80
si123	morphology	contextualizing	1.00
si123	syntax	contextualizing	0.80
si124	morphology	existential	1.00
si124	syntax	existential	0.80
si125	morphology	impersonal	1.00
si125	syntax	impersonal	0.80
si126	morphology	indirect; object	1.00
si126	syntax	indirect; object	0.80
si127	morphology	infinitive	1.00
si127	syntax	infinitive	0.80
si128	morphology	instrumental	1.00
si128	syntax	instrumental	0.80
si129	morphology	limiting	1.00
si129	syntax	limiting	0.80
si13	morphology	result	1.00
si13	syntax	result	0.80
si13	clause	result	0.70
si130	morphology	local	1.00
si130	syntax	local	0.80
si131	morphology	nonassociative	1.00
si131	syntax	nonassociative	0.80
si132	morphology	opinion	1.00
si132	syntax	opinion	0.80
si133	morphology	personal	1.00
si133	syntax	personal	0.80
si134	morphology	pronouns	1.00
si134	syntax	pronouns	0.80
si135	morphology	pure	1.00
si135	syntax	pure	0.80
si136	morphology	qualifying	1.00
si136	syntax	qualifying	0.80
si138	morphology	aspect; verbal aspect; aktionsart (related)	1.00
si139	morphology	commands	1.00
si14	morphology	space	1.00
si14	syntax	space	0.80
si140	morphology	conditions	1.00
si141	morphology	emphatic; negation	1.00
si142	morphology	ἵνα	1.00
si142	clause	ἵνα	0.70
si143	morphology	indefinite; relative; clause	1.00
si143	clause	indefinite; relative; clause	0.70
si144	morphology	indicative	1.00
si145	morphology	infinitive	1.00
si146	morphology	middle	1.00
si147	morphology	participle	1.00
si148	morphology	passive	1.00
si149	morphology	periphrastic	1.00
si15	morphology	time	1.00
si15	syntax	time	0.80
si150	morphology	questions	1.00
si151	morphology	subjunctive; equivalents	1.00
si152	morphology	time	1.00
si154	morphology	ablatival	1.00
si154	syntax	ablatival	0.80
si155	morphology	adjectival	1.00
si155	syntax	adjectival	0.80
si156	morphology	adverbial	1.00
si156	syntax	adverbial	0.80
si157	morphology	adverbs	1.00
si157	syntax	adverbs	0.80
si158	morphology	anarthrous	1.00
si158	syntax	anarthrous	0.80
si159	morphology	apposition; gen	1.00
si159	syntax	apposition; gen	0.80
si16	morphology	unaffected	1.00
si16	syntax	unaffected	0.80
si160	morphology	apposition; simple	1.00
si160	syntax	apposition; simple	0.80
si161	morphology	appositional	1.00
si161	syntax	appositional	0.80
si162	morphology	chains; genitive; case; concatenative	1.00
si162	syntax	chains; genitive; case; concatenative	0.80
si163	morphology	cognate	1.00
si163	syntax	cognate	0.80
si164	morphology	concatenative	1.00
si164	syntax	concatenative	0.80
si165	morphology	definition	1.00
si165	syntax	definition	0.80
si166	morphology	direct; object	1.00
si166	syntax	direct; object	0.80
si167	morphology	direction; genitive; case; destination	1.00
si167	syntax	direction; genitive; case; destination	0.80
si168	morphology	domicile	1.00
si168	syntax	domicile	0.80
si169	morphology	epexegetical; genitive; case; apposition; hebrew; attributive; infinitive	1.00
si169	syntax	epexegetical; genitive; case; apposition; hebrew; attributive; infinitive	0.80
si17	morphology	unmarked	1.00
si17	syntax	unmarked	0.80
si170	morphology	nominal	1.00
si170	syntax	nominal	0.80
si171	morphology	possession	1.00
si171	syntax	possession	0.80
si172	morphology	pregnant	1.00
si172	syntax	pregnant	0.80
si173	morphology	production; producer	1.00
si173	syntax	production; producer	0.80
si174	morphology	restriction	1.00
si174	syntax	restriction	0.80
si175	morphology	reverse	1.00
si175	syntax	reverse	0.80
si176	morphology	space	1.00
si176	syntax	space	0.80
si177	morphology	unaffected	1.00
si177	syntax	unaffected	0.80
si178	morphology	value; genitive; case; price; verbal	1.00
si178	syntax	value; genitive; case; price; verbal	0.80
si179	morphology	accusative	1.00
si179	syntax	accusative	0.80
si181	morphology	aorist	1.00
si181	syntax	aorist	0.80
si181	clause	aorist	0.60
si182	morphology	passive	1.00
si182	syntax	passive	0.80
si182	clause	passive	0.60
si183	morphology	perfect	1.00
si183	syntax	perfect	0.80
si183	clause	perfect	0.60
si184	morphology	performative; imperative; mood; pronouncement; permissive	1.00
si184	syntax	performative; imperative; mood; pronouncement; permissive	0.80
si184	clause	performative; imperative; mood; pronouncement; permissive	0.60
si185	morphology	prohibitive	1.00
si185	syntax	prohibitive	0.80
si185	clause	prohibitive	0.60
si186	morphology	present	1.00
si186	syntax	present	0.80
si186	clause	present	0.60
si187	morphology	request	1.00
si187	syntax	request	0.80
si187	clause	request	0.60
si188	morphology	second; person	1.00
si188	syntax	second; person	0.80
si188	clause	second; person	0.60
si189	morphology	time; element	1.00
si189	syntax	time; element	0.80
si189	clause	time; element	0.60
si19	morphology	agent	1.00
si19	syntax	agent	0.80
si190	morphology	unaffected	1.00
si190	syntax	unaffected	0.80
si190	clause	unaffected	0.60
si192	morphology	broad; band	1.00
si193	morphology	aspect; verbal aspect; aktionsart (related)	1.00
si194	morphology	conditions	1.00
si195	morphology	desiderative	1.00
si196	morphology	distributive	1.00
si197	morphology	imperfect; tense; customary; gnomic	1.00
si198	morphology	inceptive; imperfect; tense; ingressive; inchoative; indicative	1.00
si199	morphology	habitual; imperfect; tense; customary; middle	1.00
si2	morphology	absolute	1.00
si2	syntax	absolute	0.80
si200	morphology	narrow; band	1.00
si201	morphology	passive	1.00
si202	morphology	periphrastic	1.00
si203	morphology		1.00
si204	morphology	tendential	1.00
si205	morphology	time	1.00
si206	morphology	unaffected	1.00
si207	morphology	voluntative	1.00
si209	morphology	aorist	1.00
si209	syntax	aorist	0.80
si21	morphology	active	1.00
si21	syntax	active	0.80
si210	morphology	future	1.00
si210	syntax	future	0.80
si211	morphology	imperfect	1.00
si211	syntax	imperfect	0.80
si212	morphology	ὅτι	1.00
si212	syntax	ὅτι	0.80
si212	clause	ὅτι	0.70
si213	morphology	participle	1.00
si213	syntax	participle	0.80
si214	morphology	perfect	1.00
si214	syntax	perfect	0.80
si215	morphology	pluperfect	1.00
si215	syntax	pluperfect	0.80
si216	morphology	present	1.00
si216	syntax	present	0.80
si217	morphology	relative; clauses	1.00
si217	syntax	relative; clauses	0.80
si217	clause	relative; clauses	0.70
si218	morphology	ὥστε	1.00
si218	syntax	ὥστε	0.80
si22	morphology	identifying	1.00
si22	syntax	identifying	0.80
si220	morphology	adjectival	1.00
si220	syntax	adjectival	0.80
si220	clause	adjectival	0.60
si221	morphology	anarthrous	1.00
si221	syntax	anarthrous	0.80
si221	clause	anarthrous	0.60
si222	morphology	aorist	1.00
si222	syntax	aorist	0.80
si222	clause	aorist	0.60
si223	morphology	articular	1.00
si223	syntax	articular	0.80
si223	clause	articular	0.60
si224	morphology	dative; articular	1.00
si224	syntax	dative; articular	0.80
si224	clause	dative; articular	0.60
si225	morphology	future	1.00
si225	syntax	future	0.80
si225	clause	future	0.60
si226	morphology	genitive; articular	1.00
si226	syntax	genitive; articular	0.80
si226	clause	genitive; articular	0.60
si227	morphology	independent	1.00
si227	syntax	independent	0.80
si227	clause	independent	0.60
si228	morphology	nominal	1.00
si228	syntax	nominal	0.80
si228	clause	nominal	0.60
si229	morphology	present	1.00
si229	syntax	present	0.80
si229	clause	present	0.60
si23	morphology	independent	1.00
si23	syntax	independent	0.80
si230	morphology	prepositions	1.00
si230	syntax	prepositions	0.80
si230	clause	prepositions	0.60
si231	morphology	simple	1.00
si231	syntax	simple	0.80
si231	clause	simple	0.60
si232	morphology	subject; grammatical subject (general)	1.00
si232	syntax	subject; grammatical subject (general)	0.80
si232	clause	subject; grammatical subject (general)	0.60
si233	morphology	supplementary; infinitive; complementary	1.00
si233	syntax	supplementary; infinitive; complementary	0.80
si233	clause	supplementary; infinitive; complementary	0.60
si234	morphology	time	1.00
si234	syntax	time	0.80
si234	clause	time	0.60
si235	morphology	time; element	1.00
si235	syntax	time; element	0.80
si235	clause	time; element	0.60
si236	morphology	two; accusatives	1.00
si236	syntax	two; accusatives	0.80
si236	clause	two; accusatives	0.60
si237	morphology	verbal	1.00
si237	syntax	verbal	0.80
si237	clause	verbal	0.60
si239	morphology	agent	1.00
si239	syntax	agent	0.80
si24	morphology	nouns	1.00
si24	syntax	nouns	0.80
si240	morphology	aorist	1.00
si240	syntax	aorist	0.80
si241	morphology	future	1.00
si241	syntax	future	0.80
si242	morphology	imperfect	1.00
si242	syntax	imperfect	0.80
si243	morphology	indirect; redundant	1.00
si243	syntax	indirect; redundant	0.80
si243	discourse	indirect; redundant	0.70
si244	morphology	perfect	1.00
si244	syntax	perfect	0.80
si245	morphology	pluperfect	1.00
si245	syntax	pluperfect	0.80
si246	morphology	present	1.00
si246	syntax	present	0.80
si247	morphology	redundant; reciprocal	1.00
si247	syntax	redundant; reciprocal	0.80
si247	discourse	redundant; reciprocal	0.70
si249	morphology	address; nominative; vocative; appellation	1.00
si249	syntax	address; nominative; vocative; appellation	0.80
si25	morphology	passive	1.00
si25	syntax	passive	0.80
si250	morphology	article	1.00
si250	syntax	article	0.80
si251	morphology	cognate	1.00
si251	syntax	cognate	0.80
si252	morphology	independent	1.00
si252	syntax	independent	0.80
si253	morphology	interjectional	1.00
si253	syntax	interjectional	0.80
si254	morphology	par; excellence	1.00
si254	syntax	par; excellence	0.80
si255	morphology	participle	1.00
si255	syntax	participle	0.80
si256	morphology	plural	1.00
si256	syntax	plural	0.80
si257	morphology	prepositions	1.00
si257	syntax	prepositions	0.80
si258	morphology	reference	1.00
si258	syntax	reference	0.80
si259	morphology	unaffected	1.00
si259	syntax	unaffected	0.80
si26	morphology	possessive	1.00
si26	syntax	possessive	0.80
si261	morphology	epistolary; plural	1.00
si261	discourse	epistolary; plural	0.70
si262	morphology	literary; plural	1.00
si263	morphology	neuter; plural; gender	1.00
si264	morphology	ordinal	1.00
si265	morphology	second; person; imperative	1.00
si266	morphology	plural; nominatives	1.00
si267	morphology	plural; verbs	1.00
si268	morphology	plural; vocatives	1.00
si269	morphology	pronouns	1.00
si27	morphology	pronominal	1.00
si27	syntax	pronominal	0.80
si270	morphology	singular; verbs	1.00
si272	morphology	perfect	1.00
si272	syntax	perfect	0.80
si273	morphology	time; element	1.00
si273	syntax	time; element	0.80
si274	morphology	appositional	1.00
si274	syntax	appositional	0.80
si275	morphology	causal	1.00
si275	syntax	causal	0.80
si276	morphology	declarative	1.00
si276	syntax	declarative	0.80
si277	morphology	epexegetical	1.00
si277	syntax	epexegetical	0.80
si278	morphology	recitative	1.00
si278	syntax	recitative	0.80
si28	morphology	relative	1.00
si28	syntax	relative	0.80
si280	morphology	accusative	1.00
si280	syntax	accusative	0.80
si280	clause	accusative	0.60
si281	morphology	adverbial	1.00
si281	syntax	adverbial	0.80
si281	clause	adverbial	0.60
si282	morphology	anarthrous	1.00
si282	syntax	anarthrous	0.80
si282	clause	anarthrous	0.60
si283	morphology	antecedent	1.00
si283	syntax	antecedent	0.80
si283	clause	antecedent	0.60
si284	morphology	aorist	1.00
si284	syntax	aorist	0.80
si284	clause	aorist	0.60
si285	morphology	articular	1.00
si285	syntax	articular	0.80
si285	clause	articular	0.60
si286	morphology	contemporaneous	1.00
si286	syntax	contemporaneous	0.80
si286	clause	contemporaneous	0.60
si287	morphology	future	1.00
si287	syntax	future	0.80
si287	clause	future	0.60
si288	morphology	genitive; absolute	1.00
si288	syntax	genitive; absolute	0.80
si288	clause	genitive; absolute	0.60
si289	morphology	modal	1.00
si289	syntax	modal	0.80
si289	clause	modal	0.60
si29	morphology	verbal	1.00
si29	syntax	verbal	0.80
si290	morphology	nominative; absolute	1.00
si290	syntax	nominative; absolute	0.80
si290	clause	nominative; absolute	0.60
si291	morphology	nominatives	1.00
si291	syntax	nominatives	0.80
si291	clause	nominatives	0.60
si292	morphology	perfect	1.00
si292	syntax	perfect	0.80
si292	clause	perfect	0.60
si293	morphology	present	1.00
si293	syntax	present	0.80
si293	clause	present	0.60
si294	morphology	redundant	1.00
si294	syntax	redundant	0.80
si294	discourse	redundant	0.70
si294	clause	redundant	0.60
si295	morphology	subsequent	1.00
si295	syntax	subsequent	0.80
si295	clause	subsequent	0.60
si296	morphology	time; element	1.00
si296	syntax	time; element	0.80
si296	clause	time; element	0.60
si297	morphology	verbal	1.00
si297	syntax	verbal	0.80
si297	clause	verbal	0.60
si299	morphology	aorist	1.00
si299	syntax	aorist	0.80
si3	morphology	address	1.00
si3	syntax	address	0.80
si300	morphology	divine; passive	1.00
si300	syntax	divine; passive	0.80
si301	morphology	future	1.00
si301	syntax	future	0.80
si302	morphology	imperative	1.00
si302	syntax	imperative	0.80
si303	morphology	imperfect	1.00
si303	syntax	imperfect	0.80
si304	morphology	perfect	1.00
si304	syntax	perfect	0.80
si305	morphology	pluperfect	1.00
si305	syntax	pluperfect	0.80
si306	morphology	present	1.00
si306	syntax	present	0.80
si308	morphology	aspect; verbal aspect; aktionsart (related)	1.00
si309	morphology	collapsed	1.00
si31	morphology	active; verbs	1.00
si310	morphology	historical; perfect; tense; aoristic; imperative	1.00
si311	morphology	indicative	1.00
si312	morphology	intensive; extensive	1.00
si313	morphology	middle	1.00
si314	morphology	optative	1.00
si315	morphology	participle	1.00
si316	morphology	passive	1.00
si317	morphology	periphrastic	1.00
si318	morphology	resultative; perfect; tense; intensive; specialized	1.00
si318	clause	resultative; perfect; tense; intensive; specialized	0.70
si319	morphology	time	1.00
si32	morphology	aspect; verbal aspect; aktionsart (related)	1.00
si320	morphology	unaffected	1.00
si322	morphology	editorial; number; epistolary; plural; exclusive	1.00
si322	discourse	editorial; number; epistolary; plural; exclusive	0.70
si323	morphology	first; third	1.00
si324	morphology	first; person; plural	1.00
si325	morphology	first; person; singular	1.00
si326	morphology	indefinite; second; person; third	1.00
si328	morphology	aspect; verbal aspect; aktionsart (related)	1.00
si329	morphology	conditions	1.00
si33	morphology	conditions	1.00
si330	morphology	consummative; pluperfect; tense; extensive	1.00
si331	morphology	indicative	1.00
si332	morphology	middle	1.00
si333	morphology	passive	1.00
si334	morphology	periphrastic	1.00
si335	morphology	simple; past; force	1.00
si336	morphology	time	1.00
si338	morphology	advantage	1.00
si338	syntax	advantage	0.80
si339	morphology	agency; means of action; agent expression	1.00
si339	syntax	agency; means of action; agent expression	0.80
si34	morphology	futuristic; aorist; tense; proleptic; global; constative; gnomic	1.00
si340	morphology	association; accompaniment	1.00
si340	syntax	association; accompaniment	0.80
si341	morphology	cause	1.00
si341	syntax	cause	0.80
si342	morphology	comparison	1.00
si342	syntax	comparison	0.80
si343	morphology	disadvantage	1.00
si343	syntax	disadvantage	0.80
si344	morphology	distributive	1.00
si344	syntax	distributive	0.80
si345	morphology	exchange; equivalence	1.00
si345	syntax	exchange; equivalence	0.80
si346	morphology	improper	1.00
si346	syntax	improper	0.80
si347	morphology	instrumental; means	1.00
si347	syntax	instrumental; means	0.80
si348	morphology	manner	1.00
si348	syntax	manner	0.80
si349	morphology	motion	1.00
si349	syntax	motion	0.80
si35	morphology	imperative	1.00
si350	morphology	nature	1.00
si350	syntax	nature	0.80
si351	morphology	object	1.00
si351	syntax	object	0.80
si352	morphology	opposition	1.00
si352	syntax	opposition	0.80
si353	morphology	overlapping; usage	1.00
si353	syntax	overlapping; usage	0.80
si354	morphology	partitive	1.00
si354	syntax	partitive	0.80
si355	morphology	purpose	1.00
si355	syntax	purpose	0.80
si355	clause	purpose	0.70
si356	morphology	rank; priority	1.00
si356	syntax	rank; priority	0.80
si357	morphology	reference; respect	1.00
si357	syntax	reference; respect	0.80
si358	morphology	representation	1.00
si358	syntax	representation	0.80
si359	morphology	result	1.00
si359	syntax	result	0.80
si359	clause	result	0.70
si36	morphology	inceptive; aorist; tense; ingressive; inchoative	1.00
si360	morphology	separation	1.00
si360	syntax	separation	0.80
si361	morphology	source	1.00
si361	syntax	source	0.80
si362	morphology	spatial	1.00
si362	syntax	spatial	0.80
si363	morphology	sphere	1.00
si363	syntax	sphere	0.80
si364	morphology	standard	1.00
si364	syntax	standard	0.80
si365	morphology	stative	1.00
si365	syntax	stative	0.80
si366	morphology	substitution	1.00
si366	syntax	substitution	0.80
si367	morphology	temporal	1.00
si367	syntax	temporal	0.80
si367	clause	temporal	0.70
si368	morphology	thing; possessed	1.00
si368	syntax	thing; possessed	0.80
si37	morphology	infinitive	1.00
si370	morphology	affected	1.00
si371	morphology	aspect; verbal aspect; aktionsart (related)	1.00
si372	morphology	broad; band	1.00
si373	morphology	distributive	1.00
si374	morphology	durative	1.00
si375	morphology	present; tense; customary	1.00
si376	morphology	habitual; present; tense; customary	1.00
si377	morphology	imperative	1.00
si378	morphology	indicative	1.00
si379	morphology	infinitive	1.00
si38	morphology	indicative	1.00
si380	morphology	ingressive; futuristic	1.00
si381	morphology	ingressive; progressive	1.00
si382	morphology	middle	1.00
si383	morphology	narrow; band	1.00
si384	morphology	passive	1.00
si385	morphology	participle	1.00
si386	morphology	performative	1.00
si387	morphology	periphrastic	1.00
si388	morphology	prohibitions	1.00
si389	morphology		1.00
si39	morphology	middle	1.00
si390	morphology	stative	1.00
si391	morphology	tendential	1.00
si392	morphology	time	1.00
si393	morphology	unaffected	1.00
si394	morphology	voluntative	1.00
si396	morphology	conjunctive	1.00
si396	syntax	conjunctive	0.80
si397	morphology	correlative	1.00
si397	syntax	correlative	0.80
si398	morphology	identical	1.00
si398	syntax	identical	0.80
si399	morphology	proleptic	1.00
si399	syntax	proleptic	0.80
si4	morphology	exclamation	1.00
si4	syntax	exclamation	0.80
si40	morphology	once; all	1.00
si400	morphology	redundant	1.00
si400	syntax	redundant	0.80
si400	discourse	redundant	0.70
si401	morphology	resumptive	1.00
si401	syntax	resumptive	0.80
si403	morphology	aorist	1.00
si403	syntax	aorist	0.80
si403	clause	aorist	0.60
si404	morphology	dependent	1.00
si404	syntax	dependent	0.80
si404	clause	dependent	0.60
si405	morphology	equivalents	1.00
si405	syntax	equivalents	0.80
si405	clause	equivalents	0.60
si406	morphology	future	1.00
si406	syntax	future	0.80
si406	clause	future	0.60
si407	morphology	futuristic	1.00
si407	syntax	futuristic	0.80
si407	clause	futuristic	0.60
si408	morphology	ἵνα	1.00
si408	syntax	ἵνα	0.80
si408	clause	ἵνα	0.70
si409	morphology	independent	1.00
si409	syntax	independent	0.80
si409	clause	independent	0.60
si41	morphology	participle	1.00
si410	morphology	time; element	1.00
si410	syntax	time; element	0.80
si410	clause	time; element	0.60
si411	morphology	volitional	1.00
si411	syntax	volitional	0.80
si411	clause	volitional	0.60
si413	morphology	accent	1.00
si413	syntax	accent	0.80
si414	morphology	anarthrous	1.00
si414	syntax	anarthrous	0.80
si415	morphology	direct; address	1.00
si415	syntax	direct; address	0.80
si416	morphology	mid; sentence	1.00
si416	syntax	mid; sentence	0.80
si417	morphology	nominative	1.00
si417	syntax	nominative	0.80
si418	morphology	plural	1.00
si418	syntax	plural	0.80
si419	morphology	unmarked	1.00
si419	syntax	unmarked	0.80
si42	morphology	passive	1.00
si424	morphology	content	1.00
si424	syntax	content	0.80
si424	clause	content	0.60
si425	morphology	purpose; result	1.00
si425	syntax	purpose; result	0.80
si425	clause	purpose; result	0.70
si426	morphology	result	1.00
si426	syntax	result	0.80
si426	clause	result	0.70
si427	morphology	substantival	1.00
si427	syntax	substantival	0.80
si427	clause	substantival	0.60
si43	morphology	prohibitions	1.00
si431	morphology	converse; rule	1.00
si431	syntax	converse; rule	0.80
si433	morphology	abuse; rule	1.00
si433	syntax	abuse; rule	0.80
si434	morphology	impersonal; substantives	1.00
si434	syntax	impersonal; substantives	0.80
si435	morphology	plural; substantives	1.00
si435	syntax	plural; substantives	0.80
si436	morphology	proper; names	1.00
si436	syntax	proper; names	0.80
si437	morphology	statement; rule	1.00
si437	syntax	statement; rule	0.80
si438	morphology	validity; rule	1.00
si438	syntax	validity; rule	0.80
si44	morphology	punctiliar; aorist; tense; constative; retained; indirect; discourse	1.00
si44	discourse	punctiliar; aorist; tense; constative; retained; indirect; discourse	0.70
si45	morphology	stative; verbs	1.00
si46	morphology	subjunctive	1.00
si47	morphology	time	1.00
si48	morphology	unaffected	1.00
si5	morphology	extent; space; time	1.00
si5	syntax	extent; space; time	0.80
si50	morphology	dependent	1.00
si50	syntax	dependent	0.80
si51	morphology	function; marker	1.00
si51	syntax	function; marker	0.80
si52	morphology	independent	1.00
si52	syntax	independent	0.80
si53	morphology	modifying	1.00
si53	syntax	modifying	0.80
si54	morphology	neuter; singular	1.00
si54	syntax	neuter; singular	0.80
si55	morphology	origin	1.00
si55	syntax	origin	0.80
si56	morphology	previous; reference; article; anaphoric; pronominal	1.00
si56	syntax	previous; reference; article; anaphoric; pronominal	0.80
si57	morphology	quotations	1.00
si57	syntax	quotations	0.80
si58	morphology	regular	1.00
si58	syntax	regular	0.80
si59	morphology	simple; identification	1.00
si59	syntax	simple; identification	0.80
si6	morphology	independent	1.00
si6	syntax	independent	0.80
si61	clause	article	1.00
si62	clause	asyndetic	1.00
si63	clause	causal	1.00
si63	syntax	causal	0.70
si64	clause	comparative	1.00
si65	clause	complementary	1.00
si65	syntax	complementary	0.70
si66	clause	conditional	1.00
si67	clause	conjunctive	1.00
si68	clause	contrastive	1.00
si68	discourse	contrastive	0.70
si69	clause	correlative	1.00
si7	morphology	inner; object; accusative; case; cognate; introductory	1.00
si7	syntax	inner; object; accusative; case; cognate; introductory	0.80
si70	clause	declarative	1.00
si71	clause	direct; object	1.00
si71	syntax	direct; object	0.70
si72	clause	disjunctive	1.00
si73	clause	embedded	1.00
si74	clause	equative	1.00
si75	clause	explanatory	1.00
si76	clause	indefinite	1.00
si77	clause	independent	1.00
si78	clause	inferential	1.00
si79	clause	infinitival	1.00
si8	morphology	invocations	1.00
si8	syntax	invocations	0.80
si80	clause	instrumental	1.00
si81	clause	local	1.00
si82	clause	manner	1.00
si83	clause	nonequative	1.00
si84	clause	participial	1.00
si85	clause	purpose	1.00
si86	clause	recitative	1.00
si87	clause	relative	1.00
si88	clause	result	1.00
si89	clause	sub; final	1.00
si9	morphology	manner; accusative; case; adverbial; measure	1.00
si9	syntax	manner; accusative; case; adverbial; measure	0.80
si90	clause	subject; grammatical subject (general)	1.00
si90	syntax	subject; grammatical subject (general)	0.70
si91	clause	temporal	1.00
si92	clause	transitional	1.00
si93	clause	transitive	1.00
si94	clause	volitional	1.00
si96	clause	aspect; verbal aspect; aktionsart (related)	1.00
si96	syntax	aspect; verbal aspect; aktionsart (related)	0.80
si96	morphology	aspect; verbal aspect; aktionsart (related)	0.60
si97	clause	hortatory; subjunctive	1.00
si97	syntax	hortatory; subjunctive	0.80
si98	clause	imperatival; ἵνα	1.00
si98	syntax	imperatival; ἵνα	0.80
si99	clause	imperatival; infinitive	1.00
si99	syntax	imperatival; infinitive	0.80
cs0	morphology	nominative; nominative case	1.00
cs0	syntax	nominative; nominative case	0.80
cs14	morphology	vocative; vocative case	1.00
cs14	syntax	vocative; vocative case	0.80
cs151	morphology	adjectives; adjective	1.00
cs151	syntax	adjectives; adjective	0.80
cs174	morphology	pronouns; pronoun	1.00
cs174	syntax	pronouns; pronoun	0.80
cs19	morphology	genitive; genitive case; ablatival genitive	1.00
cs19	syntax	genitive; genitive case; ablatival genitive	0.80
cs216	morphology	number; grammatical number	1.00
cs222	morphology	prepositions; preposition	1.00
cs222	syntax	prepositions; preposition	0.80
cs223	morphology	person; grammatical person	1.00
cs226	morphology	active; voice	1.00
cs226	syntax	active; voice	0.80
cs231	morphology	middle; voice; reflexive voice	1.00
cs231	syntax	middle; voice; reflexive voice	0.80
cs239	morphology	passive; voice	1.00
cs239	syntax	passive; voice	0.80
cs249	morphology	indicative; mood	1.00
cs249	syntax	indicative; mood	0.80
cs264	morphology	subjunctive; mood	1.00
cs264	syntax	subjunctive; mood	0.80
cs264	clause	subjunctive; mood	0.60
cs285	morphology	optative; mood	1.00
cs285	syntax	optative; mood	0.80
cs290	morphology	imperative; mood; command form	1.00
cs290	syntax	imperative; mood; command form	0.80
cs290	clause	imperative; mood; command form	0.60
cs299	morphology	present; tense; present aspect	1.00
cs315	morphology	imperfect; tense	1.00
cs326	morphology	aorist; tense; punctiliar aspect (traditional); perfective aspect	1.00
cs334	morphology	future; tense	1.00
cs340	morphology	perfect; tense	1.00
cs348	morphology	pluperfect; tense	1.00
cs352	morphology	infinitive; to-verb form	1.00
cs352	syntax	infinitive; to-verb form	0.80
cs352	clause	infinitive; to-verb form	0.60
cs371	morphology	participle; verbal adjective	1.00
cs371	syntax	participle; verbal adjective	0.80
cs371	clause	participle; verbal adjective	0.60
cs395	clause	clauses; clause	1.00
cs404	clause	conjunctions; conjunction; connective	1.00
cs404	discourse	conjunctions; conjunction; connective	0.80
cs426	clause	conditional; sentences; conditional clause; if-clause; protasis-apodosis	1.00
cs436	clause	volitional; clauses; command; prohibition; volitional mood use	1.00
cs436	syntax	volitional; clauses; command; prohibition; volitional mood use	0.80
cs53	morphology	dative; dative case; locatival dative; instrumental dative	1.00
cs53	syntax	dative; dative case; locatival dative; instrumental dative	0.80
cs82	morphology	accusative; accusative case	1.00
cs82	syntax	accusative; accusative case	0.80
cs98	morphology	article; definite article; ὁ ἡ τό	1.00
cs98	syntax	article; definite article; ὁ ἡ τό	0.80
root0	discourse	linguistic; background; topics; outside; wallace; case; mood; tense; structure	1.00
root0	morphology	linguistic; background; topics; outside; wallace; case; mood; tense; structure	0.60
