id	label	parent	source
cs0	Nominative		merged
cs1	Subject	cs0	merged
cs2	Predicate Nominative	cs0	merged
cs3	Nominative in Simple Apposition	cs0	merged
cs4	Nominative Absolute	cs0	merged
cs5	Nominativus Pendens (Pendent Nominative)	cs0	merged
cs6	Parenthetic Nominative	cs0	merged
cs7	Nominative in Proverbial Expressions	cs0	merged
cs8	Nominative for Vocative	cs0	merged
cs9	Nominative of Exclamation	cs0	merged
cs10	Nominative of Appellation	cs0	cheatsheet
cs11	Nominative in Apposition to Oblique Cases	cs0	cheatsheet
cs12	Nominative After Preposition	cs0	cheatsheet
cs13	Nominative for Time	cs0	merged
cs14	Vocative		merged
cs15	Simple Address	cs14	merged
cs16	Emphatic (or Emotional) Address	cs14	merged
cs17	Exclamation	cs14	merged
cs18	Apposition	cs14	merged
cs19	Genitive		merged
cs20	Descriptive Genitive	cs19	merged
cs21	Possessive Genitive	cs19	cheatsheet
cs22	Genitive of Relationship	cs19	merged
cs23	"Partitive Genitive (""Wholative"")"	cs19	merged
cs24	Attributive Genitive	cs19	merged
cs25	Attributed Genitive	cs19	merged
cs26	Genitive of Material	cs19	merged
cs27	Genitive of Content	cs19	merged
cs28	Genitive in Simple Apposition	cs19	cheatsheet
cs29	Genitive of Apposition (Epexegetical)	cs19	cheatsheet
cs30	Genitive of Destination	cs19	merged
cs31	Predicate Genitive	cs19	merged
cs32	Genitive of Subordination	cs19	merged
cs33	Genitive of Production/Producer	cs19	merged
cs34	Genitive of Product	cs19	cheatsheet
cs35	Genitive of Separation	cs19	merged
cs36	Genitive of Source (or Origin)	cs19	merged
cs37	Genitive of Comparison	cs19	merged
cs38	Subjective Genitive	cs19	merged
cs39	Objective Genitive	cs19	merged
cs40	Plenary Genitive	cs19	merged
cs41	Genitive of Price or Value or Quantity	cs19	merged
cs42	Genitive of Time	cs19	merged
cs43	Genitive of Place	cs19	merged
cs44	Genitive of Means	cs19	merged
cs45	Genitive of Agency	cs19	merged
cs46	Genitive Absolute	cs19	merged
cs47	Genitive of Reference	cs19	merged
cs48	Genitive of Association	cs19	merged
cs49	Genitive After Certain Verbs (as Direct Object)	cs19	cheatsheet
cs50	Genitive After Certain Adjectives	cs19	merged
cs51	Genitive After Certain Nouns	cs19	merged
cs52	Genitive After Certain Prepositions	cs19	merged
cs53	Dative		merged
cs54	Dative Indirect Object	cs53	merged
cs55	Dative of Interest	cs53	merged
cs56	Advantage (commodi)	cs55	merged
cs57	Disadvantage (incommodi)	cs55	merged
cs58	Dative of Reference/Respect	cs53	merged
cs59	Ethical Dative	cs53	merged
cs60	Dative of Destination	cs53	merged
cs61	Dative of Recipient	cs53	merged
cs62	Dative of Possession	cs53	merged
cs63	Dative of Thing Possessed	cs53	merged
cs64	Predicate Dative	cs53	merged
cs65	Dative in Simple Apposition	cs53	merged
cs66	Dative of Sphere	cs53	merged
cs67	Dative of Time	cs53	merged
cs68	Dative of Rule	cs53	merged
cs69	Dative of Association/Accompaniment	cs53	merged
cs70	Dative of Manner	cs53	merged
cs71	Dative of Means/Instrument	cs53	merged
cs72	Dative of Agency	cs53	merged
cs73	Dative of Measure/Degree of Difference	cs53	merged
cs74	Dative of Cause	cs53	merged
cs75	Cognate Dative	cs53	merged
cs76	Dative of Material	cs53	merged
cs77	Dative of Content	cs53	merged
cs78	Dative Direct Object	cs53	cheatsheet
cs79	Dative After Certain Nouns	cs53	merged
cs80	Dative After Certain Adjectives	cs53	merged
cs81	Dative After Certain Prepositions	cs53	merged
cs82	Accusative		merged
cs83	Accusative Direct Object	cs82	merged
cs84	Double Accusative	cs82	merged
cs85	Person-Thing	cs84	merged
cs86	Object-Complement	cs84	merged
cs87	Cognate Accusative	cs82	merged
cs88	Predicate Accusative	cs82	merged
cs89	Accusative Subject of Infinitive	cs82	merged
cs90	Accusative of Retained Object	cs82	merged
cs91	Pendent Accusative (Accusativum Pendens)	cs82	merged
cs92	Accusative in Simple Apposition	cs82	merged
cs93	Adverbial Accusative (Manner)	cs82	merged
cs94	Accusative of Measure (Space, Time)	cs82	cheatsheet
cs95	Accusative of Respect or (General) Reference	cs82	merged
cs96	Accusative in Oaths	cs82	merged
cs97	Accusative After Certain Prepositions	cs82	merged
cs98	Article		merged
cs99	As a Pronoun	cs98	cheatsheet
cs100	Personal Pronoun	cs99	merged
cs101	Alternative Pronoun	cs99	cheatsheet
cs102	Relative Pronoun	cs99	merged
cs103	Possessive Pronoun	cs99	merged
cs104	With Substantives	cs98	merged
cs105	Individualizing Article: Simple Identification	cs104	merged
cs106	Anaphoric (Previous Reference)	cs104	merged
cs107	Kataphoric (Following Reference)	cs104	merged
cs108	"Deictic (""Pointing"")"	cs104	merged
cs109	Par Excellence	cs104	merged
cs110	"Monadic (""One of a Kind"")"	cs104	merged
cs111	"Well-known (""Familiar"")"	cs104	merged
cs112	Abstract	cs104	merged
cs113	Generic (Categorical)	cs104	merged
cs114	As a Substantiver of	cs98	merged
cs115	Adverbs	cs114	merged
cs116	Adjectives	cs114	merged
cs117	Participles	cs114	merged
cs118	Infinitives	cs114	merged
cs119	Genitive Word or Phrase	cs114	cheatsheet
cs120	Prepositional Phrase	cs114	merged
cs121	Particles	cs114	merged
cs122	Finite Verbs	cs114	merged
cs123	Clauses, Statements, & Quotations	cs114	merged
cs124	As a Function Marker	cs98	merged
cs125	Denote Adjectival Positions	cs124	cheatsheet
cs126	With Possessive Pronouns	cs124	cheatsheet
cs127	In Genitive Phrases	cs124	merged
cs128	With Indeclinable Nouns	cs124	cheatsheet
cs129	With Participles	cs124	cheatsheet
cs130	With Demonstratives	cs124	merged
cs131	With Nominative Nouns	cs124	cheatsheet
cs132	To Distinguish Subject from Predicate Nominative & Object from Complement	cs124	cheatsheet
cs133	With Infinitive (various functions)	cs124	cheatsheet
cs134	Absence of the Article	cs98	merged
cs135	Indefinite	cs134	merged
cs136	Qualitative	cs134	cheatsheet
cs137	Definite	cs134	merged
cs138	Special Uses/Non-Uses of the Article	cs98	cheatsheet
cs139	Proper Names	cs138	cheatsheet
cs140	Object of Preposition	cs138	cheatsheet
cs141	With Ordinal Numbers	cs138	cheatsheet
cs142	Predicate Nominative	cs138	cheatsheet
cs143	Complement in Object-Complement Construction	cs138	cheatsheet
cs144	Monadic Nouns	cs138	cheatsheet
cs145	Abstract Nouns	cs138	cheatsheet
cs146	Genitive Construction (Apollonius' Corollary)	cs138	merged
cs147	With pronominal Adjective	cs138	cheatsheet
cs148	Generic Nouns	cs138	merged
cs149	Anarthrous Pre-Verbal Predicate Nominatives (involving Colwell's Rule)	cs138	merged
cs150	Article with Multiple Substantives Connected by Kai (Sharp's Rule & related constructions)	cs138	merged
cs151	Adjectives		merged
cs152	"""Non-Adjectival"" Uses of Adjective"	cs151	cheatsheet
cs153	Adverbial	cs152	merged
cs154	Substantival	cs152	merged
cs155	Degrees of the Adjective (Positive, Comparative, Superlative)	cs151	cheatsheet
cs156	Positive: Normal Use	cs155	merged
cs157	Positive for Comparative	cs155	merged
cs158	Positive for Superlative	cs155	merged
cs159	Comparative: Normal Use	cs155	cheatsheet
cs160	Comparative for Superlative	cs155	cheatsheet
cs161	Comparative for Elative	cs155	merged
cs162	"Superlative: ""Normal"" Use"	cs155	cheatsheet
cs163	Superlative for Elative	cs155	cheatsheet
cs164	Superlative for Comparative	cs155	cheatsheet
cs165	Relation of Adjective to Noun When Article is Present	cs151	merged
cs166	Attributive Positions: First Attributive	cs165	merged
cs167	Attributive Positions: Second Attributive	cs165	merged
cs168	Attributive Positions: Third Attributive	cs165	cheatsheet
cs169	Predicate Positions: First Predicate	cs165	merged
cs170	Predicate Positions: Second Predicate	cs165	cheatsheet
cs171	When Article is Absent	cs151	merged
cs172	Anarthrous Adjective-Noun Construction	cs171	cheatsheet
cs173	Anarthrous Noun-Adjective Construction	cs171	cheatsheet
cs174	Pronouns		merged
cs175	Personal Pronouns	cs174	merged
cs176	Nominative Uses: Emphasis (contrast, subject focus)	cs175	cheatsheet
cs177	Nominative Uses: Redundancy	cs175	cheatsheet
cs178	Oblique Cases: Normal Use (Anaphoric)	cs175	cheatsheet
cs179	Oblique Cases: Possessive	cs175	merged
cs180	Oblique Cases: Reflexive	cs175	merged
cs181	Demonstrative Pronouns	cs174	merged
cs182	Regular Uses (as Demonstratives): οὗτος, ἐκεῖνος, ὅδε	cs181	cheatsheet
cs183	Regular Uses: For Personal Pronouns	cs181	cheatsheet
cs184	Unusual Uses: Pleonastic (Redundant, Resumptive)	cs181	merged
cs185	Unusual Uses: Constructio ad Sensum (Gender, Number)	cs181	merged
cs186	Unusual Uses: Conceptual Antecedent/Postcedent	cs181	cheatsheet
cs187	Relative Pronouns	cs174	merged
cs188	ὃς: Regular Uses (as Relative Pronoun)	cs187	cheatsheet
cs189	ὃς Unusual Uses: Natural vs. Grammatical Gender	cs187	cheatsheet
cs190	ὃς Unusual Uses: Case	cs187	cheatsheet
cs191	ὃς Unusual Uses: Attraction	cs187	merged
cs192	ὃς Unusual Uses: Inverse Attraction	cs187	merged
cs193	ὃς Unusual Uses: Antecedent Complexities	cs187	cheatsheet
cs194	ὃς Unusual Uses: Omission of Antecedent	cs187	cheatsheet
cs195	ὃς Unusual Uses: Adverbial/Conjunctive	cs187	merged
cs196	ὅστις: Generic	cs187	cheatsheet
cs197	ὅστις: Qualitative	cs187	cheatsheet
cs198	Interrogative Pronouns	cs174	merged
cs199	τίς/τί (identifying)	cs198	cheatsheet
cs200	ποῖος/πόσος (qualitative, quantitative)	cs198	cheatsheet
cs201	Indefinite Pronoun	cs174	merged
cs202	Substantival	cs201	cheatsheet
cs203	Adjectival	cs201	cheatsheet
cs204	"Possessive ""Pronoun"""	cs174	cheatsheet
cs205	First Plural Constructions	cs174	cheatsheet
cs206	"Editorial ""We"" (Epistolary Plural)"	cs205	cheatsheet
cs207	"Inclusive ""We"""	cs205	cheatsheet
cs208	"Exclusive ""We"""	cs205	cheatsheet
cs209	Possessive Adjective	cs174	cheatsheet
cs210	Personal Pronoun in Genitive	cs209	cheatsheet
cs211	Intensive Pronoun (autós)	cs174	merged
cs212	As Identifying Adjective	cs211	cheatsheet
cs213	As Third Person Personal Pronoun	cs211	cheatsheet
cs214	Reflexive Pronoun	cs174	cheatsheet
cs215	Reciprocal Pronoun	cs174	merged
cs216	Number		merged
cs217	Neuter Plural Subject, Singular Verb	cs216	merged
cs218	Collective Singular Subject, Plural Verb	cs216	merged
cs219	Compound Subject, Singular Verb	cs216	cheatsheet
cs220	Indefinite Plural	cs216	merged
cs221	Categorical Plural	cs216	merged
cs222	Prepositions		merged
cs223	Person		merged
cs224	First for Third Person	cs223	merged
cs225	Second for Third Person	cs223	merged
cs226	Active Voice		merged
cs227	Simple Active	cs226	merged
cs228	Causative Active (Ergative)	cs226	merged
cs229	Stative Active	cs226	merged
cs230	Reflexive Active	cs226	merged
cs231	Middle Voice		merged
cs232	Direct Middle	cs231	merged
cs233	Redundant Middle	cs231	merged
cs234	Indirect Middle	cs231	merged
cs235	Causative Middle	cs231	merged
cs236	Permissive Middle	cs231	merged
cs237	Reciprocal Middle	cs231	merged
cs238	Deponent Middle	cs231	merged
cs239	Passive Voice		merged
cs240	Passive Constructions	cs239	merged
cs241	With & Without Agency Expressed: Ultimate Agent	cs240	merged
cs242	With & Without Agency Expressed: Intermediate Agent	cs240	merged
cs243	With & Without Agency Expressed: Impersonal Means	cs240	cheatsheet
cs244	With & Without Agency Expressed: No Expressed Agency	cs240	cheatsheet
cs245	With Accusative Object (Passive Uses)	cs240	merged
cs246	Simple Passive	cs239	merged
cs247	Causative/Permissive Passive	cs239	merged
cs248	Deponent Passive	cs239	merged
cs249	Indicative Mood		merged
cs250	Declarative Indicative	cs249	merged
cs251	Interrogative Indicative	cs249	merged
cs252	Conditional Indicative	cs249	merged
cs253	Potential Indicative	cs249	merged
cs254	Cohortative (Command, Volitive) Indicative	cs249	merged
cs255	Indicative with ὅτι	cs249	merged
cs256	Subject	cs255	cheatsheet
cs257	Direct Object	cs255	cheatsheet
cs258	Direct Object Proper	cs255	cheatsheet
cs259	Direct Discourse	cs255	cheatsheet
cs260	Indirect Discourse	cs255	cheatsheet
cs261	Apposition	cs255	cheatsheet
cs262	Epexegetical	cs255	cheatsheet
cs263	Causal	cs255	cheatsheet
cs264	Subjunctive Mood		merged
cs265	Deliberative Subjunctive	cs264	merged
cs266	Hortatory Subjunctive	cs264	merged
cs267	Emphatic Negation Subjunctive	cs264	merged
cs268	Prohibitive Subjunctive	cs264	merged
cs269	Subjunctive in Conditional Sentences	cs264	merged
cs270	ἵνα + Subjunctive	cs264	merged
cs271	Purpose	cs270	merged
cs272	Result	cs270	merged
cs273	Purpose-Result	cs270	merged
cs274	Subject	cs270	merged
cs275	Predicate Nominative	cs270	merged
cs276	Direct Object	cs270	merged
cs277	Apposition	cs270	merged
cs278	Epexegetical	cs270	cheatsheet
cs279	Complementary	cs270	merged
cs280	Imperatival	cs270	cheatsheet
cs281	Subjunctive with Verbs of Fearing	cs264	merged
cs282	Subjunctive in Indirect Questions	cs264	merged
cs283	Subjunctive in Indefinite Relative Clause	cs264	merged
cs284	Subjunctive in Indefinite Temporal Clause	cs264	merged
cs285	Optative Mood		merged
cs286	Voluntative Optative (Obtainable Wish)	cs285	merged
cs287	Oblique Optative	cs285	merged
cs288	Potential Optative	cs285	merged
cs289	Conditional Optative	cs285	merged
cs290	Imperative Mood		merged
cs291	Command	cs290	merged
cs292	Prohibition	cs290	cheatsheet
cs293	Request (Entreaty)	cs290	merged
cs294	Permissive Imperative (Toleration)	cs290	cheatsheet
cs295	Conditional Imperative	cs290	merged
cs296	Potential Imperative	cs290	cheatsheet
cs297	Pronouncement Imperative	cs290	merged
cs298	Stereotyped Greeting	cs290	merged
cs299	Present Tense		merged
cs300	Instantaneous Present	cs299	merged
cs301	Progressive Present	cs299	merged
cs302	Extending-From-Past Present	cs299	merged
cs303	Futuristic Present	cs299	merged
cs304	Completely Futuristic	cs303	cheatsheet
cs305	Mostly Futuristic	cs303	cheatsheet
cs306	Present Retained in Indirect Discourse	cs299	merged
cs307	Iterative Present	cs299	merged
cs308	Customary Present	cs299	merged
cs309	Gnomic Present	cs299	merged
cs310	Historical Present	cs299	merged
cs311	Perfective Present	cs299	merged
cs312	Conative Present	cs299	merged
cs313	In Progress, but not Complete	cs312	cheatsheet
cs314	Not Begun, but About/Desired to be Attempted	cs312	cheatsheet
cs315	Imperfect Tense		merged
cs316	Instantaneous Imperfect	cs315	merged
cs317	Progressive (Descriptive) Imperfect	cs315	merged
cs318	Ingressive Imperfect	cs315	merged
cs319	Iterative Imperfect	cs315	merged
cs320	Customary Imperfect	cs315	merged
cs321	"""Pluperfective"" Imperfect"	cs315	merged
cs322	Conative Imperfect	cs315	merged
cs323	In Progress, but not Complete	cs322	cheatsheet
cs324	Not Begun, but About/Desired to be Attempted	cs322	cheatsheet
cs325	Imperfect Retained in Indirect Discourse	cs315	merged
cs326	Aorist Tense		merged
cs327	Constative Aorist	cs326	merged
cs328	Ingressive Aorist	cs326	merged
cs329	Consummative Aorist	cs326	merged
cs330	Gnomic Aorist	cs326	cheatsheet
cs331	Epistolary Aorist	cs326	merged
cs332	Proleptic Aorist	cs326	merged
cs333	Immediate Past/Dramatic Aorist	cs326	merged
cs334	Future Tense		merged
cs335	Predictive Future	cs334	merged
cs336	Imperatival Future	cs334	merged
cs337	Deliberative Future	cs334	merged
cs338	Gnomic Future	cs334	merged
cs339	Miscellaneous Subjunctive Equivalents	cs334	merged
cs340	Perfect Tense		merged
cs341	Intensive Perfect (Resultative)	cs340	merged
cs342	Extensive Perfect (Consummative)	cs340	merged
cs343	Aoristic (Dramatic, Historical) Perfect	cs340	merged
cs344	Perfect with Present Force	cs340	merged
cs345	Gnomic Perfect	cs340	merged
cs346	Proleptic Perfect	cs340	merged
cs347	Perfect of Allegory	cs340	merged
cs348	Pluperfect Tense		merged
cs349	Intensive Pluperfect (Resultative)	cs348	merged
cs350	Extensive Pluperfect (Consummative)	cs348	cheatsheet
cs351	Simple Past Pluperfect	cs348	cheatsheet
cs352	Infinitive		merged
cs353	Adverbial Uses	cs352	merged
cs354	Purpose	cs353	merged
cs355	Result	cs353	merged
cs356	Time: Antecedent	cs353	merged
cs357	Time: Contemporaneous	cs353	merged
cs358	Time: Subsequent	cs353	merged
cs359	Cause	cs353	merged
cs360	Means	cs353	merged
cs361	Complementary (Supplementary)	cs352	merged
cs362	Substantival	cs352	merged
cs363	Subject	cs362	merged
cs364	Direct Object	cs362	merged
cs365	Indirect Discourse	cs362	merged
cs366	Appositional	cs362	merged
cs367	Epexegetical	cs362	merged
cs368	Independent	cs352	merged
cs369	Imperatival	cs368	merged
cs370	Absolute	cs368	merged
cs371	Participle		merged
cs372	Adjectival Participles	cs371	merged
cs373	Adjectival Proper	cs372	cheatsheet
cs374	Attributive	cs372	merged
cs375	Predicate	cs372	merged
cs376	Substantival	cs372	merged
cs377	Verbal Participles: Dependent Verbal	cs371	merged
cs378	Temporal	cs377	merged
cs379	Manner	cs377	merged
cs380	Means	cs377	merged
cs381	Cause	cs377	merged
cs382	Condition	cs377	merged
cs383	Concession	cs377	merged
cs384	Purpose	cs377	merged
cs385	Result	cs377	merged
cs386	Attendant Circumstance	cs377	merged
cs387	Indirect Discourse	cs377	merged
cs388	Complementary	cs377	merged
cs389	Periphrastic	cs377	merged
cs390	Redundant (Pleonastic)	cs377	merged
cs391	Verbal Participles: Independent Verbal	cs371	merged
cs392	Imperatival	cs391	merged
cs393	Indicative	cs391	merged
cs394	Participle Absolute	cs391	merged
cs395	Clauses		merged
cs396	Nominative Absolute	cs395	cheatsheet
cs397	Genitive Absolute	cs395	cheatsheet
cs398	Clauses (in General)	cs395	cheatsheet
cs399	Independent Clauses	cs398	merged
cs400	Dependent Clauses	cs398	cheatsheet
cs401	Substantival	cs398	merged
cs402	Adjectival	cs398	merged
cs403	Adverbial	cs398	merged
cs404	Conjunctions		merged
cs405	Logical Functions	cs404	merged
cs406	Ascensive	cs405	merged
cs407	Connective	cs405	merged
cs408	Contrastive (Adversative)	cs405	merged
cs409	Correlative	cs405	merged
cs410	Disjunctive (Alternative)	cs405	merged
cs411	Emphatic	cs405	merged
cs412	Explanatory	cs405	merged
cs413	Inferential	cs405	merged
cs414	Transitional	cs405	merged
cs415	Adverbial Functions	cs404	merged
cs416	Causal	cs415	merged
cs417	Comparative (Manner)	cs415	merged
cs418	Conditional	cs415	merged
cs419	Local (Sphere)	cs415	merged
cs420	Purpose	cs415	merged
cs421	Result	cs415	merged
cs422	Temporal	cs415	merged
cs423	Substantival Functions	cs404	merged
cs424	Content	cs423	merged
cs425	Epexegetical	cs423	merged
cs426	Conditional Sentences		merged
cs427	In General	cs426	cheatsheet
cs428	Cause-Effect	cs427	merged
cs429	Evidence-Inference	cs427	merged
cs430	Equivalence	cs427	merged
cs431	In Greek	cs426	cheatsheet
cs432	First Class	cs431	merged
cs433	Second Class	cs431	merged
cs434	Third Class	cs431	merged
cs435	Fourth Class	cs431	merged
cs436	Volitional Clauses (Commands and Prohibitions)		merged
cs437	Commands	cs436	cheatsheet
cs438	Future Indicative	cs437	merged
cs439	Aorist Imperative	cs437	merged
cs440	Aorist Imperative: Ingressive	cs437	cheatsheet
cs441	Aorist Imperative: Momentary or Single Act / Pure Ingressive	cs437	cheatsheet
cs442	Aorist Imperative: Constative	cs437	cheatsheet
cs443	Present Imperative	cs437	merged
cs444	Present Imperative: Ingressive-Progressive	cs437	cheatsheet
cs445	Present Imperative: Customary	cs437	cheatsheet
cs446	Present Imperative: Iterative	cs437	cheatsheet
cs447	Prohibitions	cs436	cheatsheet
cs448	Future Indicative	cs447	cheatsheet
cs449	Aorist Subjunctive	cs447	merged
cs450	Aorist Subjunctive: Ingressive	cs447	cheatsheet
cs451	Aorist Subjunctive: Constative	cs447	cheatsheet
cs452	Present Imperative	cs447	cheatsheet
cs453	Present Imperative: Cessation of Activity in Progress	cs447	cheatsheet
cs454	Present Imperative: General Precept	cs447	cheatsheet
si1	absolute	cs82	subject_index
si2	address	cs82	subject_index
si3	exclamation	cs82	subject_index
si4	extent of space/time	cs82	subject_index
si5	independent	cs82	subject_index
si6	inner object see accusative case: cognate introductory	cs82	subject_index
si7	(in) invocations	cs82	subject_index
si8	manner see accusative case: adverbial measure	cs82	subject_index
si9	par excellence	cs82	subject_index
si10	participle	cs82	subject_index
si11	(passim) reference see accusative case: respect	cs82	subject_index
si12	result	cs82	subject_index
si13	space	cs82	subject_index
si14	time	cs82	subject_index
si15	unaffected	cs82	subject_index
si16	unmarked	cs82	subject_index
si17	(with) agent	cs226	subject_index
si18	active	cs151	subject_index
si19	identifying	cs151	subject_index
si20	independent	cs151	subject_index
si21	(with) nouns	cs151	subject_index
si22	passive	cs151	subject_index
si23	possessive	cs151	subject_index
si24	pronominal	cs151	subject_index
si25	relative	cs151	subject_index
si26	verbal	cs151	subject_index
si27	(with) active verbs	cs326	subject_index
si28	aspect	cs326	subject_index
si29	(in) conditions	cs326	subject_index
si30	futuristic see aorist tense: proleptic global see aorist tense: constative gnomic	cs326	subject_index
si31	imperative	cs326	subject_index
si32	inceptive see aorist tense: ingressive inchoative see aorist tense: ingressive	cs326	subject_index
si33	infinitive	cs326	subject_index
si34	indicative	cs326	subject_index
si35	middle	cs326	subject_index
si36	once-for-all	cs326	subject_index
si37	participle	cs326	subject_index
si38	passive	cs326	subject_index
si39	(in) prohibitions	cs326	subject_index
si40	punctiliar see aorist tense: constative retained in indirect discourse	cs326	subject_index
si41	(with) stative verbs	cs326	subject_index
si42	subjunctive	cs326	subject_index
si43	time	cs326	subject_index
si44	unaffected	cs326	subject_index
si45	dependent	cs98	subject_index
si46	function marker	cs98	subject_index
si47	independent	cs98	subject_index
si48	modifying	cs98	subject_index
si49	neuter singular	cs98	subject_index
si50	origin	cs98	subject_index
si51	previous reference see article: anaphoric pronominal	cs98	subject_index
si52	(with) quotations	cs98	subject_index
si53	regular uses	cs98	subject_index
si54	simple identification	cs98	subject_index
si55	(with) article	cs395	subject_index
si56	asyndetic	cs395	subject_index
si57	causal	cs395	subject_index
si58	comparative	cs395	subject_index
si59	complementary	cs395	subject_index
si60	conditional	cs395	subject_index
si61	conjunctive	cs395	subject_index
si62	contrastive	cs395	subject_index
si63	correlative	cs395	subject_index
si64	declarative	cs395	subject_index
si65	direct object	cs395	subject_index
si66	disjunctive	cs395	subject_index
si67	embedded	cs395	subject_index
si68	equative	cs395	subject_index
si69	explanatory	cs395	subject_index
si70	indefinite	cs395	subject_index
si71	independent	cs395	subject_index
si72	inferential	cs395	subject_index
si73	infinitival	cs395	subject_index
si74	instrumental (means)	cs395	subject_index
si75	local	cs395	subject_index
si76	manner	cs395	subject_index
si77	nonequative	cs395	subject_index
si78	participial	cs395	subject_index
si79	purpose (telic)	cs395	subject_index
si80	recitative	cs395	subject_index
si81	relative	cs395	subject_index
si82	result (ecbatic)	cs395	subject_index
si83	sub-final	cs395	subject_index
si84	subject	cs395	subject_index
si85	temporal	cs395	subject_index
si86	transitional	cs395	subject_index
si87	transitive	cs395	subject_index
si88	volitional	cs395	subject_index
si89	aspect	cs436	subject_index
si90	hortatory subjunctive	cs436	subject_index
si91	imperatival ἵνα	cs436	subject_index
si92	imperatival infinitive	cs436	subject_index
si93	indirect	cs436	subject_index
si94	perfect	cs436	subject_index
si95	traditional view	cs436	subject_index
si96	apodosis	cs426	subject_index
si97	first class	cs426	subject_index
si98	fifth class	cs426	subject_index
si99	implicit	cs426	subject_index
si100	protasis	cs426	subject_index
si101	questions	cs426	subject_index
si102	simple	cs426	subject_index
si103	structural categories	cs426	subject_index
si104	systems of classification	cs426	subject_index
si105	third class	cs426	subject_index
si106	unreal see conditions: second class	cs426	subject_index
si107	adjunctive	cs404	subject_index
si108	hypotactic	cs404	subject_index
si109	paratactic	cs404	subject_index
si110	abstract	cs53	subject_index
si111	adverbial	cs53	subject_index
si112	comitative	cs53	subject_index
si113	contextualizing	cs53	subject_index
si114	existential	cs53	subject_index
si115	impersonal	cs53	subject_index
si116	indirect object	cs53	subject_index
si117	infinitive (articular)	cs53	subject_index
si118	instrumental	cs53	subject_index
si119	limiting	cs53	subject_index
si120	local	cs53	subject_index
si121	nonassociative	cs53	subject_index
si122	opinion	cs53	subject_index
si123	personal	cs53	subject_index
si124	(with) pronouns	cs53	subject_index
si125	pure	cs53	subject_index
si126	qualifying	cs53	subject_index
si127	aspect	cs334	subject_index
si128	(in) commands	cs334	subject_index
si129	(in) conditions	cs334	subject_index
si130	emphatic negation	cs334	subject_index
si131	(after) ἵνα	cs334	subject_index
si132	indefinite relative clause	cs334	subject_index
si133	indicative	cs334	subject_index
si134	infinitive	cs334	subject_index
si135	middle	cs334	subject_index
si136	participle	cs334	subject_index
si137	passive	cs334	subject_index
si138	periphrastic	cs334	subject_index
si139	(in) questions	cs334	subject_index
si140	subjunctive equivalents	cs334	subject_index
si141	time	cs334	subject_index
si142	ablatival	cs19	subject_index
si143	adjectival	cs19	subject_index
si144	adverbial	cs19	subject_index
si145	(after) adverbs	cs19	subject_index
si146	anarthrous	cs19	subject_index
si147	apposition, gen. of	cs19	subject_index
si148	apposition, simple	cs19	subject_index
si149	appositional	cs19	subject_index
si150	chains see genitive case: concatenative	cs19	subject_index
si151	cognate	cs19	subject_index
si152	concatenative	cs19	subject_index
si153	definition	cs19	subject_index
si154	direct object	cs19	subject_index
si155	direction see genitive case: destination	cs19	subject_index
si156	domicile	cs19	subject_index
si157	epexegetical see genitive case: apposition Hebrew see genitive case: attributive infinitive (articular)	cs19	subject_index
si158	nominal	cs19	subject_index
si159	possession	cs19	subject_index
si160	pregnant	cs19	subject_index
si161	production/producer	cs19	subject_index
si162	restriction	cs19	subject_index
si163	reverse	cs19	subject_index
si164	space	cs19	subject_index
si165	unaffected	cs19	subject_index
si166	value see genitive case: price verbal	cs19	subject_index
si167	VS. accusative	cs19	subject_index
si168	aorist	cs290	subject_index
si169	passive	cs290	subject_index
si170	perfect	cs290	subject_index
si171	performative see imperative mood: pronouncement permissive	cs290	subject_index
si172	prohibitive	cs290	subject_index
si173	present	cs290	subject_index
si174	request	cs290	subject_index
si175	second person	cs290	subject_index
si176	time element	cs290	subject_index
si177	unaffected	cs290	subject_index
si178	broad-band	cs315	subject_index
si179	aspect	cs315	subject_index
si180	(in) conditions	cs315	subject_index
si181	desiderative	cs315	subject_index
si182	distributive	cs315	subject_index
si183	general see imperfect tense: customary gnomic	cs315	subject_index
si184	inceptive see imperfect tense: ingressive inchoative see imperfect tense: ingressive indicative	cs315	subject_index
si185	habitual see imperfect tense: customary middle	cs315	subject_index
si186	narrow-band	cs315	subject_index
si187	passive	cs315	subject_index
si188	periphrastic	cs315	subject_index
si189	special uses	cs315	subject_index
si190	tendential	cs315	subject_index
si191	time	cs315	subject_index
si192	unaffected	cs315	subject_index
si193	voluntative	cs315	subject_index
si194	aorist	cs249	subject_index
si195	future	cs249	subject_index
si196	imperfect	cs249	subject_index
si197	(after) ὅτι	cs249	subject_index
si198	participle for	cs249	subject_index
si199	perfect	cs249	subject_index
si200	pluperfect	cs249	subject_index
si201	present	cs249	subject_index
si202	(in) relative clauses	cs249	subject_index
si203	(after) ὥστε	cs249	subject_index
si204	adjectival	cs352	subject_index
si205	anarthrous	cs352	subject_index
si206	aorist	cs352	subject_index
si207	articular	cs352	subject_index
si208	dative articular	cs352	subject_index
si209	future	cs352	subject_index
si210	genitive articular	cs352	subject_index
si211	independent	cs352	subject_index
si212	nominal	cs352	subject_index
si213	present	cs352	subject_index
si214	(after) prepositions	cs352	subject_index
si215	simple	cs352	subject_index
si216	subject	cs352	subject_index
si217	supplementary see infinitive: complementary	cs352	subject_index
si218	time	cs352	subject_index
si219	time element	cs352	subject_index
si220	(with) two accusatives	cs352	subject_index
si221	verbal	cs352	subject_index
si222	(with) agent	cs231	subject_index
si223	aorist	cs231	subject_index
si224	future	cs231	subject_index
si225	imperfect	cs231	subject_index
si226	indirect redundant	cs231	subject_index
si227	perfect	cs231	subject_index
si228	pluperfect	cs231	subject_index
si229	present	cs231	subject_index
si230	redundant reciprocal	cs231	subject_index
si231	address see nominative: (for) vocative appellation	cs0	subject_index
si232	(with) article	cs0	subject_index
si233	cognate	cs0	subject_index
si234	independent	cs0	subject_index
si235	interjectional	cs0	subject_index
si236	par excellence	cs0	subject_index
si237	participle	cs0	subject_index
si238	plural	cs0	subject_index
si239	(after) prepositions	cs0	subject_index
si240	reference	cs0	subject_index
si241	unaffected	cs0	subject_index
si242	epistolary plural	cs216	subject_index
si243	literary plural	cs216	subject_index
si244	neuter plural see neuter gender: plural	cs216	subject_index
si245	ordinal	cs216	subject_index
si246	second person imperative	cs216	subject_index
si247	plural nominatives	cs216	subject_index
si248	plural verbs	cs216	subject_index
si249	plural vocatives	cs216	subject_index
si250	(with) pronouns	cs216	subject_index
si251	singular verbs	cs216	subject_index
si252	perfect	cs285	subject_index
si253	time element	cs285	subject_index
si254	appositional	cs285	subject_index
si255	causal	cs285	subject_index
si256	declarative	cs285	subject_index
si257	epexegetical	cs285	subject_index
si258	recitative	cs285	subject_index
si259	accusative	cs371	subject_index
si260	adverbial	cs371	subject_index
si261	anarthrous	cs371	subject_index
si262	antecedent	cs371	subject_index
si263	aorist	cs371	subject_index
si264	articular	cs371	subject_index
si265	contemporaneous	cs371	subject_index
si266	future	cs371	subject_index
si267	genitive absolute	cs371	subject_index
si268	modal	cs371	subject_index
si269	nominative absolute	cs371	subject_index
si270	(with) nominatives	cs371	subject_index
si271	perfect	cs371	subject_index
si272	present	cs371	subject_index
si273	redundant	cs371	subject_index
si274	subsequent	cs371	subject_index
si275	time element	cs371	subject_index
si276	verbal	cs371	subject_index
si277	aorist	cs239	subject_index
si278	divine passive	cs239	subject_index
si279	future	cs239	subject_index
si280	imperative	cs239	subject_index
si281	imperfect	cs239	subject_index
si282	perfect	cs239	subject_index
si283	pluperfect	cs239	subject_index
si284	present	cs239	subject_index
si285	aspect	cs340	subject_index
si286	collapsed	cs340	subject_index
si287	historical see perfect tense: aoristic imperative	cs340	subject_index
si288	indicative	cs340	subject_index
si289	intensive-extensive	cs340	subject_index
si290	middle	cs340	subject_index
si291	optative	cs340	subject_index
si292	participle	cs340	subject_index
si293	passive	cs340	subject_index
si294	periphrastic	cs340	subject_index
si295	resultative see perfect tense: intensive specialized	cs340	subject_index
si296	time	cs340	subject_index
si297	unaffected	cs340	subject_index
si298	"editorial ""we"" see number: epistolary plural exclusive ""we"""	cs223	subject_index
si299	first for third	cs223	subject_index
si300	first person plural	cs223	subject_index
si301	first person singular	cs223	subject_index
si302	indefinite second person see person: second for third second for third	cs223	subject_index
si303	aspect	cs348	subject_index
si304	(in) conditions	cs348	subject_index
si305	consummative see pluperfect tense: extensive extensive	cs348	subject_index
si306	indicative	cs348	subject_index
si307	middle	cs348	subject_index
si308	passive	cs348	subject_index
si309	periphrastic	cs348	subject_index
si310	(with) simple past force	cs348	subject_index
si311	time	cs348	subject_index
si312	advantage	cs222	subject_index
si313	agency	cs222	subject_index
si314	association/accompaniment	cs222	subject_index
si315	cause	cs222	subject_index
si316	comparison	cs222	subject_index
si317	disadvantage	cs222	subject_index
si318	distributive	cs222	subject_index
si319	exchange/equivalence	cs222	subject_index
si320	improper	cs222	subject_index
si321	instrumental/means	cs222	subject_index
si322	manner	cs222	subject_index
si323	motion	cs222	subject_index
si324	nature	cs222	subject_index
si325	object of	cs222	subject_index
si326	opposition	cs222	subject_index
si327	overlapping usage	cs222	subject_index
si328	partitive	cs222	subject_index
si329	purpose	cs222	subject_index
si330	rank/priority	cs222	subject_index
si331	reference/respect	cs222	subject_index
si332	representation	cs222	subject_index
si333	result	cs222	subject_index
si334	separation	cs222	subject_index
si335	source	cs222	subject_index
si336	spatial	cs222	subject_index
si337	sphere	cs222	subject_index
si338	standard	cs222	subject_index
si339	stative	cs222	subject_index
si340	substitution	cs222	subject_index
si341	temporal	cs222	subject_index
si342	thing possessed	cs222	subject_index
si343	affected	cs299	subject_index
si344	aspect	cs299	subject_index
si345	broad-band	cs299	subject_index
si346	distributive	cs299	subject_index
si347	durative	cs299	subject_index
si348	general see present tense: customary	cs299	subject_index
si349	habitual see present tense: customary	cs299	subject_index
si350	imperative	cs299	subject_index
si351	indicative	cs299	subject_index
si352	infinitive	cs299	subject_index
si353	ingressive-futuristic	cs299	subject_index
si354	ingressive-progressive	cs299	subject_index
si355	middle	cs299	subject_index
si356	narrow-band	cs299	subject_index
si357	passive	cs299	subject_index
si358	participle	cs299	subject_index
si359	performative	cs299	subject_index
si360	periphrastic	cs299	subject_index
si361	(in) prohibitions	cs299	subject_index
si362	special uses	cs299	subject_index
si363	stative	cs299	subject_index
si364	tendential	cs299	subject_index
si365	time	cs299	subject_index
si366	unaffected	cs299	subject_index
si367	voluntative	cs299	subject_index
si368	conjunctive	cs174	subject_index
si369	correlative	cs174	subject_index
si370	identical	cs174	subject_index
si371	proleptic	cs174	subject_index
si372	redundant	cs174	subject_index
si373	resumptive	cs174	subject_index
si374	aorist	cs264	subject_index
si375	dependent	cs264	subject_index
si376	equivalents	cs264	subject_index
si377	future	cs264	subject_index
si378	futuristic	cs264	subject_index
si379	(after) ἵνα	cs264	subject_index
si380	independent	cs264	subject_index
si381	time element	cs264	subject_index
si382	volitional	cs264	subject_index
si383	accent	cs14	subject_index
si384	anarthrous	cs14	subject_index
si385	direct address	cs14	subject_index
si386	mid-sentence	cs14	subject_index
si387	nominative for	cs14	subject_index
si388	plural	cs14	subject_index
si389	unmarked	cs14	subject_index
si390	Ablative Case (= Genitive of Separation / Source)	cs19	merged
si391	Instrumental Case (= Dative of Means/Instrument, Agency, Manner)	cs53	merged
si392	Locative Case (= Dative of Sphere, Time)	cs53	merged
si393	content	cs270	subject_index
si394	purpose-result	cs270	subject_index
si395	result	cs270	subject_index
si396	substantival	cs270	subject_index
si397	converse of rule	cs149	subject_index
si398	abuse of rule	cs150	subject_index
si399	(with) impersonal substantives	cs150	subject_index
si400	(with) plural substantives	cs150	subject_index
si401	(with) proper names	cs150	subject_index
si402	statement of rule	cs150	subject_index
si403	validity of rule	cs150	subject_index
si404	adverb		subject_index
si405	(with) article	si404	subject_index
si406	(with) genitive	si404	subject_index
si407	comparative	si404	subject_index
si408	relative	si404	subject_index
si409	temporal	si404	subject_index
si410	agency		subject_index
si411	direct	si410	subject_index
si412	instrumental (means)	si410	subject_index
si413	intermediate	si410	subject_index
si414	personal	si410	subject_index
si415	ultimate	si410	subject_index
si416	aspect		subject_index
si417	aorist	si416	subject_index
si418	(in) commands	si416	subject_index
si419	external	si416	subject_index
si420	future	si416	subject_index
si421	imperfect	si416	subject_index
si422	internal	si416	subject_index
si423	perfect	si416	subject_index
si424	perfective-stative	si416	subject_index
si425	pluperfect	si416	subject_index
si426	portrayal vs. reality	si416	subject_index
si427	present	si416	subject_index
si428	progressive	si416	subject_index
si429	resultative	si416	subject_index
si430	simple occurrence	si416	subject_index
si431	cases		subject_index
si432	five-case system	si431	subject_index
si433	eight-case system	si431	subject_index
si434	oblique	si431	subject_index
si435	discourse		subject_index
si436	direct	si435	subject_index
si437	indirect	si435	subject_index
si438	gender		subject_index
si439	(with) pronouns	si438	subject_index
si440	grammar		subject_index
si441	descriptive	si440	subject_index
si442	prescriptive	si440	subject_index
si443	transformational	si440	subject_index
si444	moods		subject_index
si445	neuter gender		subject_index
si446	accusative	si445	subject_index
si447	nominative	si445	subject_index
si448	singular	si445	subject_index
si449	plural	si445	subject_index
si450	noun		subject_index
si451	abstract	si450	subject_index
si452	adjectival	si450	subject_index
si453	anarthrous	si450	subject_index
si454	articular	si450	subject_index
si455	(passim)	si450	subject_index
si456	concrete	si450	subject_index
si457	definite	si450	subject_index
si458	generic	si450	subject_index
si459	impersonal	si450	subject_index
si460	indeclinable	si450	subject_index
si461	indefinite	si450	subject_index
si462	monadic	si450	subject_index
si463	nominal	si450	subject_index
si464	par excellence	si450	subject_index
si465	personal	si450	subject_index
si466	proper	si450	subject_index
si467	qualitative	si450	subject_index
si468	verbal	si450	subject_index
si469	questions		subject_index
si470	conditional	si469	subject_index
si471	deliberative	si469	subject_index
si472	direct	si469	subject_index
si473	future tense	si469	subject_index
si474	indirect	si469	subject_index
si475	indicative	si469	subject_index
si476	interrogative	si469	subject_index
si477	rhetorical	si469	subject_index
si478	subjunctive	si469	subject_index
si479	recitative ὅτι see ὅτι: recitative redundancy	si469	subject_index
si480	sentence		subject_index
si481	complex	si480	subject_index
si482	compound	si480	subject_index
si483	passive transform	si480	subject_index
si484	structure	si480	subject_index
si485	types	si480	subject_index
si486	style	si480	subject_index
si487	subject		subject_index
si488	compound	si487	subject_index
si489	focus	si487	subject_index
si490	impersonal	si487	subject_index
si491	personal	si487	subject_index
si492	tense		subject_index
si493	see also individual tenses affected	si492	subject_index
si494	moods in	si492	subject_index
si495	nontemporal view of	si492	subject_index
si496	time	si492	subject_index
si497	and passim unaffected	si492	subject_index
si498	TSKS see Granville Sharp construction	si492	subject_index
si499	verb		subject_index
si500	augment	si499	subject_index
si501	(of) communication	si499	subject_index
si502	copula see verb: equative (of) desiring	si499	subject_index
si503	equative	si499	subject_index
si504	(of) exhorting	si499	subject_index
si505	(of) fearing	si499	subject_index
si506	(of) filling	si499	subject_index
si507	impersonal	si499	subject_index
si508	intransitive	si499	subject_index
si509	(of) perception	si499	subject_index
si510	plural	si499	subject_index
si511	singular	si499	subject_index
si512	(of) speaking	si499	subject_index
si513	stative	si499	subject_index
si514	transitive	si499	subject_index
si515	voice		subject_index
si516	Apocalypse, grammar of		subject_index
si517	Apollonius' canon	si516	subject_index
si518	Aktionsart		subject_index
si519	anacoluthon	si518	subject_index
si520	anaphora		subject_index
si521	antecedent		subject_index
si522	apposition		subject_index
si523	asyndeton		subject_index
si524	cause/causality		subject_index
si525	constructio ad sensum		subject_index
si526	contrast		subject_index
si527	convertible proposition		subject_index
si528	direct object		subject_index
si529	discourse analysis		subject_index
si530	imperfective		subject_index
si531	papyri		subject_index
si532	paragraph		subject_index
si533	parataxis		subject_index
si534	poetry		subject_index
si535	position		subject_index
si536	predicate	si535	subject_index
si537	possession		subject_index
si538	postcedent		subject_index
si539	purpose		subject_index
si540	speech act theory		subject_index
si541	subset proposition		subject_index
si542	verbless constructions		subject_index
